dn_id,invoice_id,customer_id,delivery_date,delivery_method,dn_return_date,status_dn
DN240001,009501,RSS011,2024-10-11,Internal,2024-11-06,Late
DN240002,009502,RSS011,2024-10-12,Internal,,Pending
DN240003,009503,RSS052,2024-09-10,Internal,2024-09-16,Received
DN240004,009504,KLN073,2024-02-15,Third-Party Courier,2024-02-20,Received
DN240005,009505,KLN073,2024-02-15,Internal,2024-02-24,Received
DN240006,009506,RSS050,2024-05-31,Internal,2024-06-06,Received
DN240007,009507,RSS050,2024-06-02,Third-Party Courier,2024-06-08,Received
DN240008,009508,RSS068,2024-09-16,Internal,2024-09-18,Received
DN240009,009509,RSP005,2024-12-12,Third-Party Courier,2024-12-20,Received
DN240010,009510,RSP030,2024-06-21,Internal,2024-06-29,Received
DN240011,009511,KLN011,2024-04-08,Third-Party Courier,2024-04-11,Received
DN240012,009512,KLN011,2024-04-09,Third-Party Courier,2024-04-15,Received
DN240013,009513,RSP024,2024-09-19,Internal,2024-09-25,Received
DN240014,009514,KLN030,2024-01-07,Internal,2024-01-15,Received
DN240015,009515,KLN014,2024-01-26,Internal,2024-01-30,Received
DN240016,009516,KLN016,2024-12-22,Internal,2025-01-19,Late
DN240017,009517,RSS064,2024-02-18,Internal,2024-02-23,Received
DN240018,009518,KLN067,2024-10-01,Internal,2024-10-10,Received
DN240019,009519,RSS010,2024-05-14,Internal,2024-05-21,Received
DN240020,009520,RSS010,2024-05-15,Internal,,Pending
DN240021,009521,RSS048,2024-12-22,Internal,2024-12-31,Received
DN240022,009522,RSP038,2024-01-20,Third-Party Courier,2024-01-29,Received
DN240023,009523,RSP038,2024-01-20,Internal,2024-02-28,Late
DN240024,009524,RSS023,2024-10-15,Third-Party Courier,2024-11-18,Late
DN240025,009525,RSS023,2024-10-17,Internal,2024-10-21,Received
DN240026,009526,RSS009,2024-01-28,Internal,2024-02-28,Late
DN240027,009527,RSS009,2024-01-26,Internal,2024-02-05,Received
DN240028,009528,RSS067,2024-11-29,Internal,2024-12-09,Received
DN240029,009529,RSS067,2024-11-27,Third-Party Courier,2024-12-03,Received
DN240030,009530,RSS059,2024-05-04,Third-Party Courier,2024-05-06,Received
DN240031,009531,RSS059,2024-05-06,Third-Party Courier,,Pending
DN240032,009532,KLN002,2024-09-03,Internal,2024-09-13,Received
DN240033,009533,KLN050,2025-01-02,Internal,2025-01-09,Received
DN240034,009534,KLN050,2025-01-03,Third-Party Courier,,Pending
DN240035,009535,KLN006,2024-02-17,Internal,2024-02-23,Received
DN240036,009536,RSS036,2024-07-02,Internal,2024-07-12,Received
DN240037,009537,RSP042,2024-11-15,Internal,2024-11-17,Received
DN240038,009538,RSS064,2024-02-18,Internal,2024-02-27,Received
DN240039,009539,RSS064,2024-02-18,Internal,2024-02-27,Received
DN240040,009540,KLN041,2024-09-28,Internal,2024-10-06,Received
DN240041,009541,KLN041,2024-10-01,Internal,,Pending
DN240042,009542,RSS030,2024-12-31,Internal,2025-01-05,Received
DN240043,009543,RSP012,2024-08-14,Internal,2024-08-21,Received
DN240044,009544,RSS067,2024-04-03,Internal,2024-05-07,Late
DN240045,009545,RSS067,2024-04-01,Internal,2024-04-07,Received
DN240046,009546,RSS051,2024-08-28,Internal,2024-09-06,Received
DN240047,009547,RSS051,2024-08-28,Third-Party Courier,,Pending
DN240048,009548,RSS038,2024-11-29,Internal,2024-12-05,Received
DN240049,009549,RSS038,2024-11-30,Third-Party Courier,2024-12-08,Received
DN240050,009550,KLN011,2024-11-27,Internal,2024-11-30,Received
DN240051,009551,RSS050,2024-09-19,Internal,2024-09-28,Received
DN240052,009552,RSS021,2024-04-30,Third-Party Courier,2024-05-20,Late
DN240053,009553,RSS021,2024-05-02,Internal,2024-05-25,Late
DN240054,009554,RSS046,2024-01-15,Third-Party Courier,2024-01-17,Received
DN240055,009555,RSS046,2024-01-17,Internal,2024-01-23,Received
DN240056,009556,RSS058,2024-05-04,Internal,,Pending
DN240057,009557,RSS058,2024-05-04,Internal,2024-05-14,Received
DN240058,009558,RSP052,2024-09-18,Internal,2024-09-25,Received
DN240059,009559,RSP052,2024-09-20,Internal,2024-09-23,Received
DN240060,009560,RSS014,2024-08-27,Internal,2024-08-29,Received
DN240061,009561,RSS014,2024-08-26,Third-Party Courier,2024-10-03,Late
DN240062,009562,KLN055,2024-06-24,Third-Party Courier,2024-07-02,Received
DN240063,009563,RSP021,2024-03-28,Third-Party Courier,2024-04-06,Received
DN240064,009564,RSS073,2024-01-21,Third-Party Courier,2024-01-26,Received
DN240065,009565,RSS073,2024-01-21,Internal,2024-01-30,Received
DN240066,009566,KLN019,2024-04-24,Third-Party Courier,2024-05-18,Late
DN240067,009567,KLN019,2024-04-24,Internal,2024-05-16,Late
DN240068,009568,KLN054,2024-05-05,Internal,2024-05-15,Received
DN240069,009569,KLN054,2024-05-03,Third-Party Courier,,Pending
DN240070,009570,RSP009,2024-09-18,Third-Party Courier,,Pending
DN240071,009571,KLN024,2024-11-27,Internal,2024-12-05,Received
DN240072,009572,RSS056,2024-11-15,Third-Party Courier,2024-11-22,Received
DN240073,009573,RSS056,2024-11-14,Third-Party Courier,2024-11-19,Received
DN240074,009574,RSS036,2024-03-15,Third-Party Courier,2024-03-20,Received
DN240075,009575,RSS036,2024-03-16,Third-Party Courier,2024-03-25,Received
DN240076,009576,KLN067,2024-05-29,Internal,,Pending
DN240077,009577,KLN067,2024-05-29,Internal,2024-06-05,Received
DN240078,009578,RSS064,2024-10-14,Internal,2024-10-24,Received
DN240079,009579,RSP036,2024-03-15,Third-Party Courier,2024-03-23,Received
DN240080,009580,RSS036,2024-10-30,Internal,2024-11-09,Received
DN240081,009581,RSS030,2024-11-22,Third-Party Courier,2024-12-09,Late
DN240082,009582,KLN026,2024-12-30,Third-Party Courier,2025-01-05,Received
DN240083,009583,KLN067,2024-04-30,Internal,2024-05-08,Received
DN240084,009584,RSS004,2024-06-26,Internal,2024-07-01,Received
DN240085,009585,RSS004,2024-06-26,Internal,2024-07-05,Received
DN240086,009586,RSS050,2024-02-24,Internal,2024-02-27,Received
DN240087,009587,RSP034,2024-12-02,Third-Party Courier,2024-12-18,Late
DN240088,009588,RSP034,2024-12-02,Internal,2024-12-06,Received
DN240089,009589,KLN008,2024-09-18,Internal,2024-09-26,Received
DN240090,009590,KLN008,2024-09-17,Third-Party Courier,2024-09-22,Received
DN240091,009591,RSS081,2024-01-07,Third-Party Courier,2024-02-09,Late
DN240092,009592,RSS081,2024-01-07,Internal,2024-01-11,Received
DN240093,009593,RSP012,2024-08-23,Internal,2024-08-27,Received
DN240094,009594,RSP012,2024-08-23,Internal,2024-08-25,Received
DN240095,009595,KLN006,2024-08-22,Internal,,Pending
DN240096,009596,RSS004,2024-03-13,Internal,2024-03-23,Received
DN240097,009597,RSP034,2024-03-09,Internal,2024-03-14,Received
DN240098,009598,KLN013,2024-03-01,Third-Party Courier,2024-03-06,Received
DN240099,009599,RSS037,2024-02-01,Internal,2024-02-03,Received
DN240100,009600,RSS057,2024-10-15,Third-Party Courier,2024-10-21,Received
DN240101,009601,RSS017,2024-07-14,Internal,2024-07-23,Received
DN240102,009602,RSP036,2024-07-11,Internal,2024-07-18,Received
DN240103,009603,RSS040,2024-06-08,Third-Party Courier,2024-06-15,Received
DN240104,009604,RSS040,2024-06-08,Third-Party Courier,2024-06-16,Received
DN240105,009605,RSP005,2024-01-27,Third-Party Courier,2024-02-06,Received
DN240106,009606,RSS070,2024-12-06,Third-Party Courier,2024-12-09,Received
DN240107,009607,RSS070,2024-12-06,Internal,2024-12-08,Received
DN240108,009608,RSS070,2024-04-26,Internal,,Pending
DN240109,009609,KLN056,2024-12-15,Internal,2025-01-27,Late
DN240110,009610,RSP038,2024-10-20,Third-Party Courier,,Pending
DN240111,009611,KLN038,2024-01-10,Third-Party Courier,2024-01-26,Late
DN240112,009612,KLN038,2024-01-08,Third-Party Courier,2024-02-10,Late
DN240113,009613,RSS011,2024-03-27,Internal,2024-04-04,Received
DN240114,009614,RSS011,2024-03-27,Internal,2024-03-31,Received
DN240115,009615,KLN058,2024-12-18,Third-Party Courier,2024-12-26,Received
DN240116,009616,KLN047,2024-06-14,Third-Party Courier,,Pending
DN240117,009617,KLN047,2024-06-13,Internal,2024-06-16,Received
DN240118,009618,KLN037,2024-10-16,Internal,2024-10-19,Received
DN240119,009619,KLN031,2024-07-06,Third-Party Courier,2024-07-10,Received
DN240120,009620,RSP024,2024-06-04,Internal,2024-06-12,Received
DN240121,009621,RSS046,2024-07-06,Internal,2024-07-09,Received
DN240122,009622,RSS016,2024-07-30,Third-Party Courier,2024-09-08,Late
DN240123,009623,KLN039,2024-10-08,Third-Party Courier,2024-10-16,Received
DN240124,009624,RSS027,2024-06-20,Internal,,Pending
DN240125,009625,RSS027,2024-06-21,Internal,2024-06-30,Received
DN240126,009626,KLN048,2024-04-20,Internal,2024-04-25,Received
DN240127,009627,KLN011,2024-09-26,Third-Party Courier,2024-10-04,Received
DN240128,009628,KLN043,2024-12-29,Internal,2025-01-02,Received
DN240129,009629,RSP053,2024-12-12,Internal,2024-12-16,Received
DN240130,009630,RSP042,2024-10-14,Third-Party Courier,2024-10-23,Received
DN240131,009631,RSP022,2024-07-31,Internal,2024-08-10,Received
DN240132,009632,RSS075,2024-09-20,Internal,2024-11-01,Late
DN240133,009633,KLN006,2024-05-17,Third-Party Courier,2024-05-21,Received
DN240134,009634,RSS043,2024-04-19,Third-Party Courier,,Pending
DN240135,009635,KLN056,2024-08-02,Third-Party Courier,2024-08-10,Received
DN240136,009636,RSS039,2024-08-23,Internal,,Pending
DN240137,009637,RSS033,2024-02-20,Third-Party Courier,2024-03-08,Late
DN240138,009638,RSS057,2024-01-26,Internal,2024-01-29,Received
DN240139,009639,RSP016,2024-07-10,Internal,,Pending
DN240140,009640,RSP049,2024-11-01,Third-Party Courier,,Pending
DN240141,009641,RSS003,2024-03-10,Third-Party Courier,2024-03-19,Received
DN240142,009642,RSS008,2024-04-25,Internal,2024-05-01,Received
DN240143,009643,KLN004,2024-12-20,Internal,2024-12-23,Received
DN240144,009644,RSS074,2024-09-29,Internal,2024-10-01,Received
DN240145,009645,RSP009,2024-08-01,Third-Party Courier,2024-08-08,Received
DN240146,009646,RSS034,2024-11-29,Internal,,Pending
DN240147,009647,RSS034,2024-11-27,Third-Party Courier,2024-12-18,Late
DN240148,009648,KLN022,2024-01-20,Internal,2024-01-23,Received
DN240149,009649,RSS057,2024-10-22,Third-Party Courier,2024-10-24,Received
DN240150,009650,KLN043,2024-10-13,Third-Party Courier,2024-10-31,Late
DN240151,009651,KLN005,2024-08-31,Third-Party Courier,2024-09-26,Late
DN240152,009652,RSP020,2024-06-21,Internal,2024-07-01,Received
DN240153,009653,KLN062,2024-08-01,Third-Party Courier,2024-09-09,Late
DN240154,009654,KLN027,2024-12-26,Internal,2024-12-29,Received
DN240155,009655,KLN027,2024-12-26,Internal,2025-01-02,Received
DN240156,009656,RSP019,2024-04-24,Third-Party Courier,2024-05-29,Late
DN240157,009657,RSP019,2024-04-25,Third-Party Courier,2024-04-27,Received
DN240158,009658,RSP017,2024-07-18,Internal,2024-07-20,Received
DN240159,009659,KLN028,2024-02-19,Internal,2024-02-25,Received
DN240160,009660,KLN028,2024-02-16,Internal,2024-02-18,Received
DN240161,009661,KLN041,2024-04-27,Internal,2024-05-02,Received
DN240162,009662,KLN016,2024-09-13,Internal,2024-09-17,Received
DN240163,009663,KLN016,2024-09-12,Internal,2024-09-18,Received
DN240164,009664,RSP019,2024-06-19,Internal,2024-06-21,Received
DN240165,009665,RSP035,2024-12-26,Third-Party Courier,2025-01-02,Received
DN240166,009666,RSP035,2024-12-28,Internal,2024-12-30,Received
DN240167,009667,KLN015,2024-01-28,Third-Party Courier,,Pending
DN240168,009668,KLN028,2024-01-14,Third-Party Courier,2024-02-24,Late
DN240169,009669,KLN028,2024-01-15,Internal,2024-01-25,Received
DN240170,009670,RSS047,2024-10-22,Internal,2024-10-25,Received
DN240171,009671,RSP017,2024-09-02,Internal,2024-09-04,Received
DN240172,009672,RSP017,2024-09-02,Internal,2024-09-07,Received
DN240173,009673,RSS054,2024-10-15,Third-Party Courier,2024-10-19,Received
DN240174,009674,KLN061,2024-03-05,Third-Party Courier,,Pending
DN240175,009675,KLN061,2024-03-04,Third-Party Courier,2024-03-14,Received
DN240176,009676,RSS074,2024-08-04,Third-Party Courier,2024-09-13,Late
DN240177,009677,KLN057,2024-05-18,Third-Party Courier,,Pending
DN240178,009678,RSP050,2024-06-06,Third-Party Courier,2024-06-15,Received
DN240179,009679,RSP050,2024-06-07,Internal,2024-06-11,Received
DN240180,009680,RSP019,2024-09-30,Third-Party Courier,2024-10-05,Received
DN240181,009681,RSP019,2024-09-28,Internal,2024-10-04,Received
DN240182,009682,KLN005,2024-12-21,Third-Party Courier,2024-12-23,Received
DN240183,009683,KLN005,2024-12-21,Third-Party Courier,2024-12-29,Received
DN240184,009684,RSP003,2024-07-01,Internal,2024-08-04,Late
DN240185,009685,RSP003,2024-07-01,Third-Party Courier,2024-08-09,Late
DN240186,009686,KLN055,2024-12-06,Third-Party Courier,2025-01-01,Late
DN240187,009687,RSS011,2024-06-28,Third-Party Courier,2024-07-05,Received
DN240188,009688,RSS058,2024-12-05,Internal,2024-12-23,Late
DN240189,009689,RSS058,2024-12-04,Internal,2024-12-08,Received
DN240190,009690,KLN046,2024-04-14,Third-Party Courier,2024-04-18,Received
DN240191,009691,RSP041,2024-09-10,Internal,2024-09-15,Received
DN240192,009692,RSP041,2024-09-12,Internal,2024-09-14,Received
DN240193,009693,RSS007,2024-06-03,Internal,,Pending
DN240194,009694,RSS057,2024-09-18,Third-Party Courier,2024-09-28,Received
DN240195,009695,RSS057,2024-09-19,Third-Party Courier,2024-10-29,Late
DN240196,009696,RSS075,2024-02-27,Third-Party Courier,2024-03-06,Received
DN240197,009697,RSP008,2024-06-05,Internal,2024-06-11,Received
DN240198,009698,RSP008,2024-06-02,Internal,2024-06-04,Received
DN240199,009699,RSP049,2024-01-08,Internal,2024-01-17,Received
DN240200,009700,RSS044,2024-05-22,Internal,2024-05-24,Received
DN240201,009701,KLN062,2024-12-18,Internal,2024-12-28,Received
DN240202,009702,KLN058,2024-11-13,Internal,2024-11-21,Received
DN240203,009703,KLN058,2024-11-11,Third-Party Courier,,Pending
DN240204,009704,RSS046,2024-09-15,Third-Party Courier,2024-10-28,Late
DN240205,009705,RSS046,2024-09-14,Internal,2024-09-19,Received
DN240206,009706,RSP027,2024-01-05,Internal,2024-01-13,Received
DN240207,009707,RSP027,2024-01-04,Internal,2024-01-07,Received
DN240208,009708,KLN009,2024-08-19,Internal,2024-08-26,Received
DN240209,009709,KLN051,2024-09-20,Internal,2024-09-30,Received
DN240210,009710,RSS049,2024-11-24,Internal,2024-12-04,Received
DN240211,009711,RSS049,2024-11-21,Internal,,Pending
DN240212,009712,RSS016,2024-01-30,Third-Party Courier,2024-02-09,Received
DN240213,009713,RSS016,2024-02-01,Internal,2024-02-09,Received
DN240214,009714,KLN055,2024-07-21,Third-Party Courier,2024-07-26,Received
DN240215,009715,RSS053,2024-06-03,Third-Party Courier,,Pending
DN240216,009716,RSS053,2024-06-03,Internal,2024-07-06,Late
DN240217,009717,RSP009,2024-09-11,Third-Party Courier,,Pending
DN240218,009718,RSS060,2024-04-27,Internal,2024-05-02,Received
DN240219,009719,KLN023,2024-01-23,Internal,2024-01-30,Received
DN240220,009720,RSS029,2024-09-24,Third-Party Courier,2024-10-02,Received
DN240221,009721,RSS067,2024-11-30,Internal,2024-12-06,Received
DN240222,009722,KLN028,2024-07-30,Internal,,Pending
DN240223,009723,KLN068,2024-09-18,Internal,2024-09-24,Received
DN240224,009724,KLN068,2024-09-17,Internal,2024-09-20,Received
DN240225,009725,RSP015,2024-01-25,Third-Party Courier,2024-01-28,Received
DN240226,009726,KLN057,2024-04-03,Internal,2024-04-10,Received
DN240227,009727,RSS068,2024-07-04,Third-Party Courier,2024-07-11,Received
DN240228,009728,RSP003,2024-06-12,Third-Party Courier,2024-06-15,Received
DN240229,009729,RSP003,2024-06-11,Third-Party Courier,2024-06-14,Received
DN240230,009730,RSS056,2024-02-13,Third-Party Courier,2024-02-17,Received
DN240231,009731,RSS039,2024-07-09,Third-Party Courier,2024-07-13,Received
DN240232,009732,RSS039,2024-07-10,Internal,2024-07-15,Received
DN240233,009733,KLN052,2024-01-24,Internal,2024-02-01,Received
DN240234,009734,KLN052,2024-01-26,Third-Party Courier,2024-02-03,Received
DN240235,009735,RSS048,2024-07-03,Internal,2024-07-08,Received
DN240236,009736,RSS037,2024-01-24,Internal,2024-01-26,Received
DN240237,009737,KLN071,2024-12-06,Third-Party Courier,2024-12-10,Received
DN240238,009738,KLN033,2024-12-20,Internal,2024-12-22,Received
DN240239,009739,KLN038,2024-10-04,Internal,2024-10-11,Received
DN240240,009740,KLN005,2024-01-27,Third-Party Courier,2024-02-15,Late
DN240241,009741,RSP004,2024-05-27,Third-Party Courier,,Pending
DN240242,009742,KLN072,2024-08-10,Internal,2024-08-20,Received
DN240243,009743,KLN046,2024-09-09,Internal,2024-09-13,Received
DN240244,009744,KLN059,2024-07-21,Internal,2024-08-22,Late
DN240245,009745,KLN059,2024-07-21,Internal,2024-07-26,Received
DN240246,009746,RSS013,2024-12-05,Third-Party Courier,,Pending
DN240247,009747,RSS013,2024-12-04,Internal,2024-12-07,Received
DN240248,009748,RSS010,2024-04-02,Internal,2024-04-04,Received
DN240249,009749,RSS018,2024-09-08,Third-Party Courier,2024-09-18,Received
DN240250,009750,RSS018,2024-09-05,Internal,2024-09-11,Received
DN240251,009751,RSS082,2024-04-20,Third-Party Courier,2024-05-27,Late
DN240252,009752,RSS082,2024-04-19,Internal,2024-04-29,Received
DN240253,009753,KLN018,2024-05-25,Internal,2024-05-28,Received
DN240254,009754,KLN018,2024-05-25,Internal,2024-06-29,Late
DN240255,009755,KLN052,2024-07-07,Internal,2024-07-17,Received
DN240256,009756,RSP045,2024-08-14,Third-Party Courier,,Pending
DN240257,009757,RSP045,2024-08-11,Third-Party Courier,,Pending
DN240258,009758,RSS072,2024-06-23,Third-Party Courier,2024-06-29,Received
DN240259,009759,RSS072,2024-06-23,Third-Party Courier,2024-07-01,Received
DN240260,009760,RSP039,2024-02-10,Third-Party Courier,2024-02-14,Received
DN240261,009761,RSP039,2024-02-09,Third-Party Courier,2024-02-17,Received
DN240262,009762,RSS045,2024-02-25,Internal,2024-02-29,Received
DN240263,009763,RSS045,2024-02-26,Third-Party Courier,2024-03-07,Received
DN240264,009764,RSS048,2024-05-22,Third-Party Courier,2024-05-29,Received
DN240265,009765,RSP053,2024-08-02,Internal,2024-08-08,Received
DN240266,009766,RSP053,2024-08-03,Third-Party Courier,2024-08-08,Received
DN240267,009767,RSP008,2024-03-26,Internal,2024-04-04,Received
DN240268,009768,RSP008,2024-03-27,Internal,2024-04-11,Late
DN240269,009769,KLN030,2024-04-07,Third-Party Courier,2024-04-09,Received
DN240270,009770,KLN030,2024-04-08,Internal,2024-04-13,Received
DN240271,009771,KLN021,2025-01-04,Internal,2025-01-25,Late
DN240272,009772,KLN021,2025-01-02,Third-Party Courier,2025-01-05,Received
DN240273,009773,KLN059,2024-05-04,Third-Party Courier,2024-05-08,Received
DN240274,009774,RSS024,2024-07-11,Third-Party Courier,2024-07-16,Received
DN240275,009775,RSS024,2024-07-10,Internal,2024-07-16,Received
DN240276,009776,RSS080,2024-10-08,Third-Party Courier,2024-10-18,Received
DN240277,009777,RSS051,2024-07-18,Internal,,Pending
DN240278,009778,RSS046,2024-12-06,Internal,2024-12-08,Received
DN240279,009779,RSS046,2024-12-05,Internal,2024-12-24,Late
DN240280,009780,RSS018,2024-08-28,Third-Party Courier,2024-09-07,Received
DN240281,009781,RSS018,2024-09-01,Third-Party Courier,,Pending
DN240282,009782,RSP021,2024-11-27,Third-Party Courier,2024-12-04,Received
DN240283,009783,RSP021,2024-11-26,Internal,2024-12-06,Received
DN240284,009784,RSS058,2024-05-12,Third-Party Courier,,Pending
DN240285,009785,RSS056,2024-12-23,Internal,2024-12-28,Received
DN240286,009786,RSP039,2024-02-12,Third-Party Courier,2024-03-18,Late
DN240287,009787,RSS083,2024-03-06,Third-Party Courier,2024-03-15,Received
DN240288,009788,RSS071,2024-11-02,Internal,2024-11-06,Received
DN240289,009789,RSP026,2024-03-13,Internal,2024-03-21,Received
DN240290,009790,RSS050,2024-07-09,Third-Party Courier,2024-07-12,Received
DN240291,009791,RSS050,2024-07-08,Internal,2024-07-11,Received
DN240292,009792,RSS040,2024-06-10,Internal,2024-06-20,Received
DN240293,009793,RSS018,2024-01-25,Internal,2024-02-02,Received
DN240294,009794,RSS018,2024-01-25,Third-Party Courier,2024-01-29,Received
DN240295,009795,RSS033,2024-12-20,Internal,,Pending
DN240296,009796,RSS033,2024-12-20,Internal,2025-01-24,Late
DN240297,009797,RSS046,2024-08-21,Third-Party Courier,2024-08-31,Received
DN240298,009798,RSS046,2024-08-20,Internal,2024-08-28,Received
DN240299,009799,KLN014,2024-11-13,Internal,2024-11-15,Received
DN240300,009800,KLN014,2024-11-12,Internal,2024-11-17,Received
DN240301,009801,RSS011,2024-04-19,Internal,2024-04-21,Received
DN240302,009802,RSS011,2024-04-17,Internal,2024-04-19,Received
DN240303,009803,RSS053,2024-10-15,Internal,2024-11-07,Late
DN240304,009804,KLN052,2024-08-28,Internal,2024-09-01,Received
DN240305,009805,KLN023,2024-03-07,Internal,2024-03-11,Received
DN240306,009806,KLN023,2024-03-06,Internal,2024-04-07,Late
DN240307,009807,RSP024,2024-11-19,Internal,2024-11-28,Received
DN240308,009808,RSP024,2024-11-18,Third-Party Courier,2024-11-28,Received
DN240309,009809,RSS058,2024-04-19,Internal,2024-05-13,Late
DN240310,009810,RSS058,2024-04-21,Internal,2024-04-28,Received
DN240311,009811,RSS014,2024-01-22,Internal,2024-01-27,Received
DN240312,009812,KLN023,2024-12-27,Third-Party Courier,2025-01-28,Late
DN240313,009813,KLN038,2024-08-09,Third-Party Courier,2024-08-15,Received
DN240314,009814,KLN071,2024-04-11,Internal,2024-04-13,Received
DN240315,009815,KLN071,2024-04-10,Third-Party Courier,2024-04-17,Received
DN240316,009816,RSS015,2024-12-14,Third-Party Courier,2024-12-16,Received
DN240317,009817,KLN073,2024-09-25,Internal,2024-10-05,Received
DN240318,009818,KLN025,2024-03-29,Third-Party Courier,2024-04-04,Received
DN240319,009819,RSS069,2024-04-23,Third-Party Courier,2024-05-26,Late
DN240320,009820,RSS069,2024-04-22,Internal,,Pending
DN240321,009821,KLN065,2024-07-18,Internal,2024-07-27,Received
DN240322,009822,KLN065,2024-07-20,Third-Party Courier,2024-07-23,Received
DN240323,009823,RSP011,2024-04-19,Third-Party Courier,,Pending
DN240324,009824,RSP011,2024-04-19,Internal,2024-04-28,Received
DN240325,009825,RSS056,2024-11-13,Third-Party Courier,2024-12-26,Late
DN240326,009826,RSS056,2024-11-14,Third-Party Courier,,Pending
DN240327,009827,RSS041,2024-09-03,Internal,2024-09-08,Received
DN240328,009828,RSS041,2024-09-05,Internal,2024-09-13,Received
DN240329,009829,RSP052,2024-10-22,Internal,2024-10-31,Received
DN240330,009830,RSS018,2024-04-05,Third-Party Courier,,Pending
DN240331,009831,RSS024,2024-03-14,Internal,2024-03-20,Received
DN240332,009832,RSP029,2024-10-15,Internal,2024-10-22,Received
DN240333,009833,RSP029,2024-10-15,Internal,2024-10-24,Received
DN240334,009834,RSS045,2024-12-06,Third-Party Courier,2024-12-15,Received
DN240335,009835,RSP015,2024-07-17,Third-Party Courier,,Pending
DN240336,009836,RSP015,2024-07-18,Third-Party Courier,2024-07-23,Received
DN240337,009837,RSP027,2024-08-31,Internal,2024-09-09,Received
DN240338,009838,RSP041,2024-10-25,Internal,,Pending
DN240339,009839,RSS045,2024-06-01,Third-Party Courier,2024-07-01,Late
DN240340,009840,RSS045,2024-06-02,Third-Party Courier,2024-06-25,Late
DN240341,009841,KLN016,2024-09-13,Internal,2024-09-22,Received
DN240342,009842,KLN007,2024-06-07,Third-Party Courier,,Pending
DN240343,009843,RSS027,2024-10-04,Internal,2024-10-08,Received
DN240344,009844,RSS027,2024-10-01,Internal,2024-10-08,Received
DN240345,009845,KLN068,2024-11-14,Internal,2024-12-15,Late
DN240346,009846,KLN068,2024-11-15,Internal,,Pending
DN240347,009847,RSS018,2024-07-21,Third-Party Courier,2024-07-24,Received
DN240348,009848,RSS042,2024-08-15,Third-Party Courier,2024-08-22,Received
DN240349,009849,RSS042,2024-08-17,Third-Party Courier,2024-09-04,Late
DN240350,009850,RSS063,2024-10-06,Third-Party Courier,2024-10-08,Received
DN240351,009851,RSS063,2024-10-05,Third-Party Courier,2024-10-08,Received
DN240352,009852,KLN007,2024-11-22,Internal,2024-12-01,Received
DN240353,009853,RSP029,2024-01-13,Internal,2024-01-15,Received
DN240354,009854,RSP029,2024-01-10,Third-Party Courier,2024-01-30,Late
DN240355,009855,RSS067,2024-08-23,Third-Party Courier,2024-08-30,Received
DN240356,009856,RSS067,2024-08-24,Third-Party Courier,2024-08-29,Received
DN240357,009857,KLN050,2024-10-26,Internal,2024-11-04,Received
DN240358,009858,KLN050,2024-10-28,Internal,2024-10-31,Received
DN240359,009859,RSS040,2024-11-21,Third-Party Courier,2024-11-27,Received
DN240360,009860,RSS040,2024-11-18,Third-Party Courier,,Pending
DN240361,009861,KLN012,2024-11-27,Third-Party Courier,2024-12-04,Received
DN240362,009862,KLN012,2024-11-27,Third-Party Courier,2024-12-06,Received
DN240363,009863,RSP038,2024-10-29,Third-Party Courier,,Pending
DN240364,009864,RSP038,2024-10-28,Internal,2024-11-01,Received
DN240365,009865,RSP033,2024-11-26,Third-Party Courier,2024-12-19,Late
DN240366,009866,RSS031,2024-10-24,Third-Party Courier,2024-10-27,Received
DN240367,009867,KLN067,2024-08-23,Internal,2024-08-31,Received
DN240368,009868,KLN067,2024-08-23,Internal,2024-09-02,Received
DN240369,009869,KLN013,2024-10-22,Third-Party Courier,2024-10-24,Received
DN240370,009870,RSP052,2024-07-10,Internal,,Pending
DN240371,009871,RSP052,2024-07-10,Internal,2024-07-16,Received
DN240372,009872,KLN012,2024-08-20,Third-Party Courier,2024-08-25,Received
DN240373,009873,KLN012,2024-08-24,Third-Party Courier,,Pending
DN240374,009874,RSP023,2024-06-28,Third-Party Courier,2024-07-05,Received
DN240375,009875,RSP005,2024-09-08,Third-Party Courier,2024-09-12,Received
DN240376,009876,KLN017,2025-01-04,Third-Party Courier,2025-01-11,Received
DN240377,009877,KLN017,2024-12-31,Third-Party Courier,2025-01-09,Received
DN240378,009878,KLN026,2024-03-19,Third-Party Courier,2024-04-30,Late
DN240379,009879,KLN003,2024-06-26,Third-Party Courier,2024-07-27,Late
DN240380,009880,KLN003,2024-06-23,Third-Party Courier,2024-07-02,Received
DN240381,009881,RSS044,2024-06-14,Internal,2024-06-23,Received
DN240382,009882,RSP036,2024-10-16,Third-Party Courier,2024-10-23,Received
DN240383,009883,RSP036,2024-10-16,Third-Party Courier,2024-10-20,Received
DN240384,009884,RSS045,2024-07-16,Internal,2024-07-25,Received
DN240385,009885,KLN054,2024-03-05,Third-Party Courier,2024-03-14,Received
DN240386,009886,KLN031,2024-10-21,Internal,2024-10-27,Received
DN240387,009887,KLN013,2024-07-06,Third-Party Courier,2024-08-08,Late
DN240388,009888,KLN037,2024-05-20,Internal,2024-05-30,Received
DN240389,009889,RSS009,2024-11-11,Third-Party Courier,2024-12-16,Late
DN240390,009890,RSS028,2024-04-01,Internal,2024-04-04,Received
DN240391,009891,RSS028,2024-03-30,Internal,2024-04-01,Received
DN240392,009892,RSP041,2024-01-11,Internal,2024-01-14,Received
DN240393,009893,RSP002,2024-02-24,Third-Party Courier,2024-03-02,Received
DN240394,009894,RSP008,2024-07-15,Internal,2024-07-21,Received
DN240395,009895,RSP008,2024-07-16,Internal,2024-07-21,Received
DN240396,009896,KLN055,2024-02-09,Third-Party Courier,2024-02-12,Received
DN240397,009897,RSP004,2024-04-01,Third-Party Courier,2024-04-09,Received
DN240398,009898,RSP004,2024-03-29,Internal,2024-04-02,Received
DN240399,009899,KLN022,2024-04-06,Third-Party Courier,2024-04-16,Received
DN240400,009900,RSP005,2024-06-26,Internal,2024-07-02,Received
DN240401,009901,KLN042,2024-12-30,Internal,2025-01-01,Received
DN240402,009902,KLN059,2024-07-23,Internal,,Pending
DN240403,009903,RSP053,2024-05-10,Internal,,Pending
DN240404,009904,RSP011,2024-06-14,Internal,2024-06-23,Received
DN240405,009905,RSS039,2024-11-24,Third-Party Courier,2024-12-02,Received
DN240406,009906,RSS065,2024-04-21,Internal,,Pending
DN240407,009907,RSP046,2024-12-29,Third-Party Courier,2025-01-04,Received
DN240408,009908,RSP030,2024-08-12,Internal,2024-08-17,Received
DN240409,009909,RSP030,2024-08-12,Internal,2024-08-14,Received
DN240410,009910,RSS040,2024-05-14,Third-Party Courier,2024-06-23,Late
DN240411,009911,RSS063,2024-07-06,Third-Party Courier,2024-08-05,Late
DN240412,009912,RSS034,2024-09-14,Internal,2024-09-22,Received
DN240413,009913,RSS034,2024-09-15,Third-Party Courier,2024-09-23,Received
DN240414,009914,RSS039,2024-09-04,Internal,2024-10-11,Late
DN240415,009915,RSS039,2024-09-04,Third-Party Courier,2024-10-07,Late
DN240416,009916,RSP027,2024-02-18,Internal,2024-02-25,Received
DN240417,009917,RSP027,2024-02-21,Internal,,Pending
DN240418,009918,RSS036,2024-04-16,Third-Party Courier,2024-05-12,Late
DN240419,009919,RSS036,2024-04-15,Internal,2024-05-13,Late
DN240420,009920,KLN055,2024-02-18,Third-Party Courier,2024-04-01,Late
DN240421,009921,KLN055,2024-02-19,Internal,2024-02-23,Received
DN240422,009922,RSS069,2024-05-18,Third-Party Courier,2024-05-26,Received
DN240423,009923,RSS074,2025-01-01,Internal,2025-01-03,Received
DN240424,009924,RSS046,2024-05-12,Internal,2024-05-22,Received
DN240425,009925,RSS066,2024-08-12,Third-Party Courier,2024-08-21,Received
DN240426,009926,RSS066,2024-08-10,Internal,2024-08-19,Received
DN240427,009927,RSS049,2024-09-13,Third-Party Courier,2024-09-15,Received
DN240428,009928,RSP004,2024-09-30,Third-Party Courier,,Pending
DN240429,009929,RSP004,2024-09-30,Third-Party Courier,2024-10-06,Received
DN240430,009930,KLN055,2024-11-03,Third-Party Courier,2024-11-05,Received
DN240431,009931,KLN055,2024-11-04,Internal,2024-12-13,Late
DN240432,009932,RSP001,2024-07-29,Internal,2024-08-03,Received
DN240433,009933,RSS059,2024-09-10,Third-Party Courier,2024-09-14,Received
DN240434,009934,RSS067,2024-08-30,Third-Party Courier,2024-10-05,Late
DN240435,009935,RSS067,2024-08-30,Internal,2024-09-05,Received
DN240436,009936,RSP018,2024-06-12,Internal,2024-06-16,Received
DN240437,009937,RSS026,2024-12-04,Internal,2024-12-06,Received
DN240438,009938,RSS083,2024-05-05,Internal,2024-05-10,Received
DN240439,009939,KLN057,2024-04-16,Internal,2024-04-26,Received
DN240440,009940,RSP026,2024-10-31,Third-Party Courier,2024-12-06,Late
DN240441,009941,RSP009,2024-08-22,Third-Party Courier,,Pending
DN240442,009942,RSS060,2024-06-04,Internal,2024-06-13,Received
DN240443,009943,KLN034,2024-06-07,Internal,2024-06-12,Received
DN240444,009944,KLN034,2024-06-06,Third-Party Courier,2024-06-26,Late
DN240445,009945,KLN044,2024-12-28,Third-Party Courier,2025-01-03,Received
DN240446,009946,RSP046,2024-12-29,Internal,2025-01-05,Received
DN240447,009947,RSP038,2024-05-29,Third-Party Courier,2024-05-31,Received
DN240448,009948,RSP038,2024-05-28,Internal,2024-06-01,Received
DN240449,009949,RSS075,2024-08-14,Internal,2024-08-24,Received
DN240450,009950,RSS075,2024-08-13,Third-Party Courier,2024-08-17,Received
DN240451,009951,RSP022,2024-11-16,Internal,,Pending
DN240452,009952,RSP045,2024-10-11,Third-Party Courier,2024-10-21,Received
DN240453,009953,RSS026,2024-07-04,Internal,2024-07-09,Received
DN240454,009954,RSS026,2024-07-04,Internal,2024-07-07,Received
DN240455,009955,RSS050,2024-06-18,Third-Party Courier,2024-06-28,Received
DN240456,009956,RSS045,2024-09-26,Third-Party Courier,,Pending
DN240457,009957,KLN020,2024-04-19,Internal,2024-04-25,Received
DN240458,009958,RSS006,2024-07-13,Third-Party Courier,,Pending
DN240459,009959,RSS006,2024-07-13,Third-Party Courier,2024-08-20,Late
DN240460,009960,RSS061,2024-09-03,Third-Party Courier,2024-09-11,Received
DN240461,009961,RSS061,2024-09-04,Internal,2024-09-06,Received
DN240462,009962,RSP040,2024-10-24,Internal,2024-10-26,Received
DN240463,009963,RSS042,2024-03-06,Third-Party Courier,2024-03-08,Received
DN240464,009964,RSP008,2024-06-25,Third-Party Courier,2024-07-03,Received
DN240465,009965,RSP008,2024-06-28,Internal,2024-07-05,Received
DN240466,009966,RSS037,2024-03-14,Internal,2024-03-24,Received
DN240467,009967,KLN049,2024-07-31,Internal,2024-08-10,Received
DN240468,009968,RSS026,2024-04-17,Internal,2024-04-25,Received
DN240469,009969,RSS026,2024-04-16,Internal,2024-04-20,Received
DN240470,009970,KLN015,2024-06-15,Internal,2024-07-29,Late
DN240471,009971,KLN008,2024-12-25,Third-Party Courier,2024-12-30,Received
DN240472,009972,RSP011,2024-01-15,Internal,2024-01-20,Received
DN240473,009973,RSP033,2024-11-25,Third-Party Courier,2024-12-26,Late
DN240474,009974,RSP033,2024-11-25,Third-Party Courier,2024-12-05,Received
DN240475,009975,KLN060,2024-08-23,Third-Party Courier,,Pending
DN240476,009976,KLN013,2024-04-27,Internal,2024-04-30,Received
DN240477,009977,KLN013,2024-04-26,Third-Party Courier,2024-05-05,Received
DN240478,009978,KLN040,2024-05-03,Third-Party Courier,2024-05-06,Received
DN240479,009979,KLN067,2024-03-09,Internal,2024-03-11,Received
DN240480,009980,RSP029,2024-11-14,Third-Party Courier,,Pending
DN240481,009981,RSP029,2024-11-16,Third-Party Courier,,Pending
DN240482,009982,RSS036,2024-06-12,Internal,,Pending
DN240483,009983,KLN026,2024-09-19,Third-Party Courier,2024-09-26,Received
DN240484,009984,KLN001,2024-11-12,Internal,2024-11-19,Received
DN240485,009985,KLN011,2024-07-12,Third-Party Courier,2024-08-18,Late
DN240486,009986,RSS010,2024-01-24,Third-Party Courier,,Pending
DN240487,009987,RSS010,2024-01-27,Internal,2024-02-03,Received
DN240488,009988,KLN046,2024-12-09,Internal,,Pending
DN240489,009989,KLN044,2024-11-13,Third-Party Courier,2024-11-23,Received
DN240490,009990,KLN044,2024-11-15,Third-Party Courier,2024-12-30,Late
DN240491,009991,RSS044,2024-09-01,Internal,,Pending
DN240492,009992,RSS057,2024-08-17,Third-Party Courier,,Pending
DN240493,009993,RSS057,2024-08-18,Internal,2024-08-28,Received
DN240494,009994,RSS013,2024-04-16,Third-Party Courier,2024-05-25,Late
DN240495,009995,RSS013,2024-04-16,Third-Party Courier,2024-05-25,Late
DN240496,009996,RSS052,2024-04-28,Internal,2024-05-06,Received
DN240497,009997,KLN043,2024-04-20,Third-Party Courier,2024-04-26,Received
DN240498,009998,KLN066,2024-06-19,Third-Party Courier,2024-06-27,Received
DN240499,009999,KLN066,2024-06-17,Third-Party Courier,2024-06-21,Received
DN240500,010000,RSS023,2024-02-24,Internal,2024-03-04,Received
DN240501,010001,RSS039,2024-02-01,Third-Party Courier,2024-02-23,Late
DN240502,010002,RSS032,2024-04-18,Internal,2024-04-25,Received
DN240503,010003,RSP039,2024-10-23,Internal,2024-10-31,Received
DN240504,010004,KLN017,2024-12-25,Third-Party Courier,2025-01-01,Received
DN240505,010005,KLN017,2024-12-26,Internal,2025-01-04,Received
DN240506,010006,KLN029,2024-07-15,Internal,2024-07-24,Received
DN240507,010007,RSS007,2024-03-14,Internal,2024-03-20,Received
DN240508,010008,KLN023,2024-03-23,Internal,2024-03-25,Received
DN240509,010009,KLN023,2024-03-21,Internal,2024-03-23,Received
DN240510,010010,RSS003,2024-06-26,Internal,2024-07-06,Received
DN240511,010011,KLN065,2024-08-12,Third-Party Courier,2024-08-19,Received
DN240512,010012,KLN065,2024-08-09,Third-Party Courier,,Pending
DN240513,010013,KLN015,2024-10-06,Third-Party Courier,2024-10-15,Received
DN240514,010014,KLN015,2024-10-04,Third-Party Courier,2024-10-06,Received
DN240515,010015,KLN033,2024-05-01,Internal,2024-05-06,Received
DN240516,010016,KLN031,2024-11-28,Internal,2024-11-30,Received
DN240517,010017,KLN031,2024-11-28,Third-Party Courier,2024-11-30,Received
DN240518,010018,RSS082,2024-02-06,Internal,2024-02-10,Received
DN240519,010019,RSS082,2024-02-07,Internal,2024-03-04,Late
DN240520,010020,RSS041,2024-05-21,Third-Party Courier,2024-06-23,Late
DN240521,010021,RSS041,2024-05-23,Internal,2024-06-02,Received
DN240522,010022,KLN036,2024-11-08,Third-Party Courier,2024-12-15,Late
DN240523,010023,KLN036,2024-11-08,Third-Party Courier,,Pending
DN240524,010024,KLN056,2024-07-01,Third-Party Courier,,Pending
DN240525,010025,RSP013,2024-12-08,Third-Party Courier,2024-12-16,Received
DN240526,010026,RSP013,2024-12-09,Internal,2024-12-12,Received
DN240527,010027,RSP027,2024-03-30,Internal,2024-04-02,Received
DN240528,010028,RSP027,2024-03-29,Third-Party Courier,2024-04-06,Received
DN240529,010029,RSP053,2024-02-12,Internal,2024-02-14,Received
DN240530,010030,RSP053,2024-02-14,Internal,2024-02-21,Received
DN240531,010031,KLN022,2024-06-13,Internal,2024-06-18,Received
DN240532,010032,KLN044,2024-07-08,Third-Party Courier,2024-07-11,Received
DN240533,010033,RSS037,2024-07-01,Third-Party Courier,2024-07-11,Received
DN240534,010034,RSS017,2024-10-05,Internal,2024-10-14,Received
DN240535,010035,RSS017,2024-10-08,Third-Party Courier,2024-11-12,Late
DN240536,010036,RSS011,2024-04-25,Internal,2024-04-30,Received
DN240537,010037,KLN014,2024-10-24,Third-Party Courier,2024-11-02,Received
DN240538,010038,KLN014,2024-10-25,Internal,2024-11-04,Received
DN240539,010039,KLN036,2024-12-23,Internal,2025-01-16,Late
DN240540,010040,KLN036,2024-12-20,Third-Party Courier,2024-12-30,Received
DN240541,010041,KLN001,2024-05-26,Third-Party Courier,2024-07-08,Late
DN240542,010042,RSS050,2024-12-03,Third-Party Courier,2024-12-27,Late
DN240543,010043,RSP013,2024-02-02,Internal,2024-02-06,Received
DN240544,010044,RSP013,2024-02-03,Internal,2024-02-12,Received
DN240545,010045,RSS046,2024-07-10,Internal,2024-07-18,Received
DN240546,010046,RSS046,2024-07-09,Internal,2024-07-19,Received
DN240547,010047,KLN068,2024-04-09,Internal,2024-04-12,Received
DN240548,010048,RSS039,2024-04-18,Third-Party Courier,,Pending
DN240549,010049,RSS047,2024-05-15,Third-Party Courier,2024-05-25,Received
DN240550,010050,RSS047,2024-05-14,Third-Party Courier,2024-05-17,Received
DN240551,010051,RSS020,2024-12-08,Third-Party Courier,2024-12-12,Received
DN240552,010052,RSS020,2024-12-07,Third-Party Courier,,Pending
DN240553,010053,RSS052,2024-05-21,Internal,2024-06-19,Late
DN240554,010054,KLN003,2024-02-12,Internal,,Pending
DN240555,010055,KLN003,2024-02-10,Third-Party Courier,2024-03-26,Late
DN240556,010056,RSP025,2024-02-22,Internal,2024-02-28,Received
DN240557,010057,RSP025,2024-02-19,Internal,2024-02-28,Received
DN240558,010058,RSP026,2024-04-07,Internal,2024-04-10,Received
DN240559,010059,RSS019,2024-03-28,Internal,2024-03-30,Received
DN240560,010060,RSS019,2024-03-30,Internal,2024-04-15,Late
DN240561,010061,RSS081,2024-11-08,Third-Party Courier,2024-11-29,Late
DN240562,010062,RSS020,2024-06-02,Third-Party Courier,,Pending
DN240563,010063,RSP012,2024-01-05,Third-Party Courier,2024-02-14,Late
DN240564,010064,KLN030,2024-03-08,Internal,2024-03-16,Received
DN240565,010065,KLN030,2024-03-06,Internal,2024-03-13,Received
DN240566,010066,RSP005,2024-01-21,Third-Party Courier,2024-01-24,Received
DN240567,010067,RSS008,2024-02-27,Internal,2024-03-02,Received
DN240568,010068,RSS008,2024-02-28,Internal,2024-03-04,Received
DN240569,010069,KLN008,2024-09-03,Internal,2024-09-11,Received
DN240570,010070,RSP031,2024-07-31,Third-Party Courier,2024-08-02,Received
DN240571,010071,RSP031,2024-07-28,Internal,2024-07-31,Received
DN240572,010072,RSS073,2024-08-11,Internal,2024-08-19,Received
DN240573,010073,RSS073,2024-08-09,Internal,2024-09-04,Late
DN240574,010074,KLN072,2024-04-11,Internal,2024-04-21,Received
DN240575,010075,RSP014,2025-01-02,Internal,2025-01-28,Late
DN240576,010076,RSP029,2024-07-25,Internal,2024-08-04,Received
DN240577,010077,RSS002,2024-08-23,Third-Party Courier,2024-08-25,Received
DN240578,010078,RSP017,2024-11-29,Third-Party Courier,2024-12-03,Received
DN240579,010079,RSP047,2024-01-11,Third-Party Courier,2024-01-20,Received
DN240580,010080,RSP047,2024-01-07,Third-Party Courier,2024-01-11,Received
DN240581,010081,RSS053,2024-03-27,Internal,2024-03-29,Received
DN240582,010082,RSS053,2024-02-28,Third-Party Courier,,Pending
DN240583,010083,RSP036,2024-02-26,Internal,2024-03-03,Received
DN240584,010084,KLN043,2024-11-19,Internal,2024-11-24,Received
DN240585,010085,KLN043,2024-11-20,Internal,2024-12-22,Late
DN240586,010086,RSP007,2024-07-06,Internal,2024-07-12,Received
DN240587,010087,KLN024,2024-11-18,Internal,2024-11-27,Received
DN240588,010088,KLN024,2024-11-17,Third-Party Courier,2024-11-25,Received
DN240589,010089,RSS063,2024-07-02,Third-Party Courier,2024-07-10,Received
DN240590,010090,RSS031,2024-01-12,Third-Party Courier,2024-02-10,Late
DN240591,010091,RSS044,2024-04-20,Third-Party Courier,2024-05-05,Late
DN240592,010092,RSS044,2024-04-20,Third-Party Courier,2024-04-24,Received
DN240593,010093,RSS012,2024-08-30,Third-Party Courier,2024-09-29,Late
DN240594,010094,RSS021,2024-10-24,Third-Party Courier,2024-10-27,Received
DN240595,010095,RSS021,2024-10-23,Internal,2024-10-31,Received
DN240596,010096,RSP049,2024-04-12,Internal,2024-05-08,Late
DN240597,010097,RSP049,2024-04-13,Internal,2024-04-20,Received
DN240598,010098,RSP029,2024-07-04,Internal,2024-07-13,Received
DN240599,010099,KLN001,2024-10-30,Internal,2024-11-09,Received
DN240600,010100,KLN001,2024-10-31,Third-Party Courier,2024-11-08,Received
DN240601,010101,KLN039,2024-05-04,Internal,2024-05-11,Received
DN240602,010102,RSS057,2024-07-02,Internal,2024-07-09,Received
DN240603,010103,RSS057,2024-07-03,Internal,2024-07-20,Late
DN240604,010104,RSP034,2024-05-07,Internal,2024-05-16,Received
DN240605,010105,RSS034,2024-11-26,Third-Party Courier,2024-12-02,Received
DN240606,010106,KLN034,2024-08-22,Third-Party Courier,2024-10-02,Late
DN240607,010107,RSP014,2024-05-21,Internal,2024-05-25,Received
DN240608,010108,RSS030,2024-02-02,Third-Party Courier,2024-02-28,Late
DN240609,010109,RSS010,2024-02-12,Internal,2024-02-20,Received
DN240610,010110,RSS017,2024-05-17,Third-Party Courier,2024-05-22,Received
DN240611,010111,RSS057,2024-12-17,Third-Party Courier,2024-12-24,Received
DN240612,010112,RSS008,2024-03-04,Internal,2024-03-24,Late
DN240613,010113,RSP052,2024-02-18,Internal,2024-02-28,Received
DN240614,010114,RSP052,2024-02-17,Internal,2024-02-25,Received
DN240615,010115,RSS061,2024-01-07,Third-Party Courier,2024-01-14,Received
DN240616,010116,KLN041,2024-03-31,Internal,2024-04-04,Received
DN240617,010117,RSS001,2024-08-15,Internal,2024-08-19,Received
DN240618,010118,RSS001,2024-08-16,Third-Party Courier,2024-08-21,Received
DN240619,010119,RSS030,2024-12-03,Third-Party Courier,,Pending
DN240620,010120,RSS030,2024-12-03,Third-Party Courier,2024-12-12,Received
DN240621,010121,RSP029,2024-11-19,Internal,2024-11-25,Received
DN240622,010122,RSP029,2024-11-19,Third-Party Courier,2024-11-26,Received
DN240623,010123,RSS017,2024-12-22,Third-Party Courier,2025-01-22,Late
DN240624,010124,RSS017,2024-12-22,Third-Party Courier,2024-12-31,Received
DN240625,010125,KLN026,2024-08-06,Third-Party Courier,2024-08-14,Received
DN240626,010126,KLN019,2024-06-02,Internal,2024-06-09,Received
DN240627,010127,KLN014,2024-04-22,Internal,2024-04-30,Received
DN240628,010128,KLN057,2024-12-17,Internal,,Pending
DN240629,010129,KLN057,2024-12-17,Internal,2025-01-02,Late
DN240630,010130,RSS048,2024-10-03,Internal,2024-10-05,Received
DN240631,010131,RSS048,2024-10-02,Third-Party Courier,2024-10-22,Late
DN240632,010132,KLN030,2024-01-18,Third-Party Courier,2024-02-04,Late
DN240633,010133,KLN030,2024-01-18,Internal,2024-01-26,Received
DN240634,010134,KLN052,2024-06-15,Third-Party Courier,2024-07-21,Late
DN240635,010135,KLN059,2024-10-13,Internal,2024-10-23,Received
DN240636,010136,RSP024,2024-09-23,Third-Party Courier,2024-10-19,Late
DN240637,010137,RSS010,2024-02-06,Internal,2024-02-13,Received
DN240638,010138,KLN068,2024-05-18,Internal,,Pending
DN240639,010139,RSS058,2024-11-30,Third-Party Courier,2024-12-02,Received
DN240640,010140,KLN068,2024-05-23,Internal,,Pending
DN240641,010141,RSP036,2024-09-18,Third-Party Courier,2024-09-22,Received
DN240642,010142,RSS004,2024-05-19,Internal,2024-05-24,Received
DN240643,010143,RSS004,2024-05-20,Internal,2024-05-27,Received
DN240644,010144,RSS033,2024-06-30,Internal,2024-07-08,Received
DN240645,010145,RSP037,2024-07-08,Internal,2024-08-13,Late
DN240646,010146,RSS008,2024-06-23,Third-Party Courier,2024-07-25,Late
DN240647,010147,RSS042,2024-03-01,Internal,,Pending
DN240648,010148,RSS063,2024-05-29,Internal,2024-06-24,Late
DN240649,010149,RSS063,2024-05-27,Third-Party Courier,2024-06-04,Received
DN240650,010150,RSP046,2024-08-05,Third-Party Courier,2024-08-09,Received
DN240651,010151,RSS082,2024-08-04,Internal,2024-08-12,Received
DN240652,010152,RSS082,2024-08-03,Third-Party Courier,2024-08-07,Received
DN240653,010153,RSP040,2024-11-14,Third-Party Courier,2024-11-21,Received
DN240654,010154,RSS058,2024-06-22,Internal,2024-06-24,Received
DN240655,010155,RSS058,2024-06-19,Internal,,Pending
DN240656,010156,RSS039,2024-07-29,Internal,2024-08-03,Received
DN240657,010157,RSS082,2024-03-31,Internal,2024-04-03,Received
DN240658,010158,KLN073,2024-10-16,Internal,2024-10-26,Received
DN240659,010159,KLN073,2024-10-18,Third-Party Courier,,Pending
DN240660,010160,RSS047,2024-12-07,Third-Party Courier,2024-12-11,Received
DN240661,010161,RSS078,2024-12-27,Internal,2025-01-01,Received
DN240662,010162,RSS016,2024-02-27,Internal,2024-03-02,Received
DN240663,010163,KLN048,2024-11-23,Internal,,Pending
DN240664,010164,KLN021,2024-12-10,Internal,2024-12-17,Received
DN240665,010165,KLN021,2024-12-11,Internal,2024-12-14,Received
DN240666,010166,RSS043,2024-10-20,Third-Party Courier,2024-10-30,Received
DN240667,010167,RSS043,2024-10-21,Third-Party Courier,2024-11-20,Late
DN240668,010168,KLN003,2024-12-03,Third-Party Courier,2025-01-08,Late
DN240669,010169,KLN003,2024-12-02,Third-Party Courier,2024-12-04,Received
DN240670,010170,RSS045,2024-02-24,Third-Party Courier,2024-03-10,Late
DN240671,010171,KLN056,2024-08-10,Internal,,Pending
DN240672,010172,RSP041,2024-01-08,Internal,2024-01-11,Received
DN240673,010173,RSP004,2024-12-07,Internal,2024-12-15,Received
DN240674,010174,RSP004,2024-12-05,Third-Party Courier,2024-12-11,Received
DN240675,010175,KLN065,2024-10-12,Internal,2024-10-29,Late
DN240676,010176,KLN065,2024-10-13,Internal,2024-10-21,Received
DN240677,010177,RSP017,2024-04-07,Third-Party Courier,2024-05-04,Late
DN240678,010178,RSP013,2024-01-20,Internal,2024-01-26,Received
DN240679,010179,RSS050,2024-03-28,Internal,2024-03-30,Received
DN240680,010180,RSS019,2024-11-12,Third-Party Courier,2024-11-22,Received
DN240681,010181,RSS019,2024-11-15,Internal,2024-11-20,Received
DN240682,010182,KLN033,2024-11-20,Internal,,Pending
DN240683,010183,KLN033,2024-11-23,Internal,2024-11-29,Received
