invoice_id,so_id,customer_id,invoice_date,is_partial,partial_ke,invoice_value,payment_terms,status_invoice,bundle_complete_date,has_retur
009723,SO240166,KLN068,2024-09-16,True,1.0,27138500,NET 30,Issued,,False
010054,SO240404,KLN003,2024-02-12,True,1.0,6318000,NET 30,Bundle Complete,2024-03-07,False
009762,SO240195,RSS045,2024-02-23,True,1.0,21065000,NET 30,Bundle Complete,2024-03-20,False
009808,SO240226,RSP024,2024-11-18,True,2.0,14670000,NET 45,Issued,,False
009926,SO240312,RSS066,2024-08-10,True,2.0,28354000,NET 30,Bundle Complete,2024-09-14,True
010175,SO240495,KLN065,2024-10-11,True,1.0,3072000,NET 30,Bundle Complete,2024-11-04,False
010000,SO240367,RSS023,2024-02-24,False,,62868000,NET 30,Bundle Complete,2024-03-26,False
009877,SO240272,KLN017,2024-12-31,True,2.0,14235000,NET 30,Bundle Complete,2025-01-17,False
010033,SO240390,RSS037,2024-06-30,False,,594379000,NET 30,Bundle Complete,2024-08-08,True
010088,SO240429,KLN024,2024-11-16,True,2.0,0,NET 30,Bundle Complete,2024-12-10,False
009855,SO240259,RSS067,2024-08-23,True,1.0,42159000,NET 30,Bundle Complete,2024-10-03,False
009829,SO240240,RSP052,2024-10-20,False,,27391000,NET 45,Bundle Complete,2024-11-27,False
009730,SO240171,RSS056,2024-02-11,False,,30968000,NET 30,Bundle Complete,2024-02-20,False
009895,SO240286,RSP008,2024-07-15,True,2.0,3392000,NET 45,Bundle Complete,2024-08-19,False
009629,SO240092,RSP053,2024-12-12,False,,99533500,NET 45,Bundle Complete,2025-01-24,False
009797,SO240219,RSS046,2024-08-19,True,1.0,26220000,NET 30,Bundle Complete,2024-09-04,False
009724,SO240166,KLN068,2024-09-17,True,2.0,20966000,NET 30,Bundle Complete,2024-10-17,False
009845,SO240253,KLN068,2024-11-14,True,1.0,22399500,NET 30,Issued,,False
010001,SO240368,RSS039,2024-01-31,False,,27579500,NET 30,Bundle Complete,2024-03-08,False
009561,SO240041,RSS014,2024-08-19,True,2.0,9641000,NET 30,Issued,,False
009822,SO240236,KLN065,2024-07-20,True,2.0,18462000,NET 30,Issued,,False
010066,SO240412,RSP005,2024-01-19,False,,19550000,NET 45,Bundle Complete,2024-02-20,False
009964,SO240341,RSP008,2024-06-24,True,1.0,14100000,NET 45,Bundle Complete,2024-07-19,False
009510,SO240007,RSP030,2024-06-21,False,,17836000,NET 45,Bundle Complete,2024-08-02,True
009997,SO240365,KLN043,2024-04-19,False,,104118000,NET 30,Bundle Complete,2024-05-23,False
009649,SO240111,RSS057,2024-10-19,False,,10118500,NET 30,Issued,,False
009654,SO240117,KLN027,2024-12-22,True,1.0,27608500,NET 30,Bundle Complete,2025-02-05,False
010143,SO240471,RSS004,2024-05-18,True,2.0,27192500,NET 30,Bundle Complete,2024-05-31,True
009773,SO240201,KLN059,2024-05-02,False,,1170000,NET 30,Bundle Complete,2024-05-09,False
009514,SO240010,KLN030,2023-12-31,False,,107102500,NET 30,Bundle Complete,2024-02-01,False
010069,SO240414,KLN008,2024-09-01,False,,259222500,NET 30,Bundle Complete,2024-09-17,False
009790,SO240214,RSS050,2024-07-09,True,1.0,3612000,NET 30,Issued,,False
010083,SO240426,RSP036,2024-02-26,False,,15381000,NET 45,Bundle Complete,2024-03-23,False
009701,SO240150,KLN062,2024-12-16,False,,240271500,NET 30,Bundle Complete,2025-01-22,False
009947,SO240329,RSP038,2024-05-27,True,1.0,40202000,NET 45,Bundle Complete,2024-06-29,False
009784,SO240208,RSS058,2024-05-12,False,,128769000,NET 30,Issued,,False
009750,SO240188,RSS018,2024-09-05,True,2.0,265258000,NET 30,Bundle Complete,2024-09-24,False
009904,SO240295,RSP011,2024-06-13,False,,110055000,NET 45,Bundle Complete,2024-07-11,False
009923,SO240310,RSS074,2024-12-30,False,,14184500,NET 30,Bundle Complete,2025-02-13,False
009785,SO240209,RSS056,2024-12-22,False,,57865500,NET 30,Issued,,False
009988,SO240359,KLN046,2024-12-07,False,,51002500,NET 30,Bundle Complete,2025-01-21,False
010180,SO240499,RSS019,2024-11-12,True,1.0,14607500,NET 30,Issued,,True
009910,SO240300,RSS040,2024-05-13,False,,9160000,NET 30,Bundle Complete,2024-05-25,False
009807,SO240226,RSP024,2024-11-18,True,1.0,19900000,NET 45,Bundle Complete,2024-11-25,False
010037,SO240393,KLN014,2024-10-23,True,1.0,110543500,NET 30,Bundle Complete,2024-11-28,False
010174,SO240494,RSP004,2024-11-29,True,2.0,20867500,NET 45,Bundle Complete,2024-12-17,False
010167,SO240489,RSS043,2024-10-21,True,2.0,25529500,NET 30,Bundle Complete,2024-10-31,False
009771,SO240200,KLN021,2025-01-02,True,1.0,27882000,NET 30,Bundle Complete,2025-01-29,False
009902,SO240293,KLN059,2024-07-21,False,,59355000,NET 30,Bundle Complete,2024-09-03,True
010127,SO240459,KLN014,2024-04-20,False,,33396500,NET 30,Bundle Complete,2024-06-04,False
009616,SO240081,KLN047,2024-06-12,True,1.0,15827000,NET 30,Bundle Complete,2024-07-17,False
009558,SO240040,RSP052,2024-09-17,True,1.0,22691500,NET 45,Bundle Complete,2024-10-31,False
009575,SO240050,RSS036,2024-03-14,True,2.0,14646000,NET 30,Issued,,False
009872,SO240269,KLN012,2024-08-20,True,1.0,5040000,NET 30,Bundle Complete,2024-09-02,False
010100,SO240438,KLN001,2024-10-29,True,2.0,4269000,NET 30,Issued,,False
009600,SO240069,RSS057,2024-10-14,False,,190842000,NET 30,Bundle Complete,2024-11-14,False
010144,SO240472,RSS033,2024-06-30,False,,195613000,NET 30,Bundle Complete,2024-07-16,False
010139,SO240468,RSS058,2024-11-30,False,,153886500,NET 30,Issued,,True
009561,SO240041,RSS014,2024-08-25,True,2.0,9641000,NET 30,Issued,,False
009745,SO240184,KLN059,2024-07-21,True,2.0,32835000,NET 30,Issued,,False
010029,SO240387,RSP053,2024-02-12,True,1.0,15781000,NET 45,Bundle Complete,2024-02-19,True
009878,SO240273,KLN026,2024-03-17,False,,27379500,NET 30,Bundle Complete,2024-04-11,False
009786,SO240210,RSP039,2024-02-10,False,,57841000,NET 45,Bundle Complete,2024-03-07,True
009972,SO240347,RSP011,2024-01-09,False,,0,NET 45,Bundle Complete,2024-01-22,False
009643,SO240106,KLN004,2024-12-20,False,,40417500,NET 30,Bundle Complete,2025-01-11,False
009958,SO240337,RSS006,2024-07-11,True,1.0,635500,NET 30,Bundle Complete,2024-08-05,False
009967,SO240343,KLN049,2024-07-30,False,,50983500,NET 30,Bundle Complete,2024-08-14,False
009692,SO240142,RSP041,2024-09-10,True,2.0,20180000,NET 45,Issued,,False
010137,SO240466,RSS010,2024-02-06,False,,47029000,NET 30,Bundle Complete,2024-03-13,False
009729,SO240170,RSP003,2024-06-11,True,2.0,76574000,NET 45,Issued,,False
009951,SO240331,RSP022,2024-11-14,False,,0,NET 45,Bundle Complete,2024-11-29,False
009757,SO240192,RSP045,2024-08-10,True,2.0,1619000,NET 45,Issued,,False
010168,SO240490,KLN003,2024-12-01,True,1.0,98562500,NET 30,Bundle Complete,2025-01-13,False
009565,SO240044,RSS073,2024-01-19,True,2.0,186086500,NET 30,Bundle Complete,2024-02-28,False
009705,SO240152,RSS046,2024-09-13,True,2.0,29313500,NET 30,Bundle Complete,2024-10-20,False
009778,SO240205,RSS046,2024-12-04,True,1.0,7980000,NET 30,Bundle Complete,2025-01-04,False
010140,SO240469,KLN068,2024-05-22,False,,80676500,NET 30,Bundle Complete,2024-06-16,False
010150,SO240477,RSP046,2024-08-05,False,,2280000,NET 45,Bundle Complete,2024-09-01,False
009740,SO240180,KLN005,2024-01-26,False,,54083000,NET 30,Bundle Complete,2024-02-29,False
009884,SO240277,RSS045,2024-07-16,False,,9961500,NET 30,Bundle Complete,2024-08-21,False
010178,SO240497,RSP013,2024-01-18,False,,106101000,NET 45,Bundle Complete,2024-02-28,False
010004,SO240371,KLN017,2024-12-25,True,1.0,21399500,NET 30,Bundle Complete,2025-01-08,False
010136,SO240465,RSP024,2024-09-21,False,,109584500,NET 45,Bundle Complete,2024-10-22,False
009571,SO240048,KLN024,2024-11-25,False,,589914000,NET 30,Issued,,False
010092,SO240433,RSS044,2024-04-18,True,2.0,8322000,NET 30,Issued,,True
009610,SO240077,RSP038,2024-10-19,False,,25902000,NET 45,Bundle Complete,2024-10-31,False
009774,SO240202,RSS024,2024-07-10,True,1.0,46689500,NET 30,Bundle Complete,2024-08-21,False
009779,SO240205,RSS046,2024-12-05,True,2.0,11065000000,NET 30,Bundle Complete,2024-12-12,False
010115,SO240451,RSS061,2024-01-05,False,,119709500,NET 30,Bundle Complete,2024-02-04,False
009966,SO240342,RSS037,2024-03-14,False,,15311500,NET 30,Bundle Complete,2024-04-22,False
010166,SO240489,RSS043,2024-10-20,True,1.0,28563500,NET 30,Bundle Complete,2024-11-06,False
009743,SO240183,KLN046,2024-09-03,False,,396443500,NET 30,Bundle Complete,2024-10-05,False
009628,SO240091,KLN043,2024-12-28,False,,59639000,NET 30,Bundle Complete,2025-01-29,False
009763,SO240195,RSS045,2024-02-25,True,2.0,12548500,NET 30,Issued,,False
009837,SO240247,RSP027,2024-08-31,False,,117012500,NET 45,Bundle Complete,2024-09-28,False
009737,SO240177,KLN071,2024-12-06,False,,62896000,NET 30,Bundle Complete,2025-01-19,False
009986,SO240358,RSS010,2024-01-24,True,1.0,22801000,NET 30,Bundle Complete,2024-02-16,False
010041,SO240395,KLN001,2024-05-26,False,,19521000,NET 30,Bundle Complete,2024-07-09,False
009936,SO240319,RSP018,2024-06-12,False,,55566000,NET 45,Bundle Complete,2024-06-25,False
010035,SO240391,RSS017,2024-10-06,True,2.0,16548500,NET 30,Issued,,False
010074,SO240417,KLN072,2024-04-11,False,,29949000,NET 30,Bundle Complete,2024-04-30,False
009749,SO240188,RSS018,2024-09-06,True,1.0,311736500,NET 30,Issued,,True
009898,SO240288,RSP004,2024-03-29,True,2.0,29772000,NET 45,Issued,,False
009893,SO240285,RSP002,2024-02-22,False,,62122000,NET 45,Bundle Complete,2024-04-06,False
009660,SO240121,KLN028,2024-02-15,True,2.0,28162000,NET 30,Issued,,False
009680,SO240135,RSP019,2024-09-28,True,1.0,4776000,NET 45,Bundle Complete,2024-11-03,False
010154,SO240480,RSS058,2024-06-20,True,1.0,98158000,NET 30,Bundle Complete,2024-06-27,False
010103,SO240440,RSS057,2024-07-01,True,2.0,21450500,NET 30,Bundle Complete,2024-08-05,False
009820,SO240235,RSS069,2024-04-22,True,2.0,17110000,NET 30,Bundle Complete,2024-06-01,False
009781,SO240206,RSS018,2024-08-30,True,2.0,52994000,NET 30,Bundle Complete,2024-09-17,False
009669,SO240127,KLN028,2024-01-14,True,2.0,8464000,NET 30,Bundle Complete,2024-01-31,True
009952,SO240332,RSP045,2024-10-11,False,,12106000,NET 45,Bundle Complete,2024-11-19,False
009554,SO240038,RSS046,2024-01-15,True,1.0,22423000,NET 30,Bundle Complete,2024-02-21,False
010095,SO240435,RSS021,2024-10-22,True,2.0,1570500,NET 30,Issued,,False
009566,SO240045,KLN019,2024-04-22,True,1.0,8943500,NET 30,Bundle Complete,2024-05-21,False
010034,SO240391,RSS017,2024-10-04,True,1.0,19177500,NET 30,Issued,,False
009932,SO240316,RSP001,2024-07-27,False,,131790000,NET 45,Bundle Complete,2024-09-10,False
009873,SO240269,KLN012,2024-08-22,True,2.0,3420000,NET 30,Issued,,False
009523,SO240017,RSP038,2024-01-20,True,2.0,12277500,NET 45,Bundle Complete,2024-02-03,False
009834,SO240245,RSS045,2024-12-05,False,,12582000,NET 30,Bundle Complete,2025-01-08,False
010086,SO240428,RSP007,2024-07-04,False,,19482000,NET 45,Bundle Complete,2024-08-07,False
009861,SO240262,KLN012,2024-11-27,True,1.0,73731500,NET 30,Bundle Complete,2024-12-11,True
009722,SO240165,KLN028,2024-07-30,False,,46132000,NET 30,Issued,,False
010157,SO240482,RSS082,2024-03-30,False,,128657000,NET 30,Bundle Complete,2024-04-12,False
010072,SO240416,RSS073,2024-08-10,True,1.0,46162000,NET 30,Bundle Complete,2024-09-23,False
009599,SO240068,RSS037,2024-01-30,False,,23438000,NET 30,Bundle Complete,2024-02-15,False
010146,SO240474,RSS008,2024-06-21,False,,40160000,NET 30,Issued,,False
009611,SO240078,KLN038,2024-01-08,True,1.0,45874000,NET 30,Bundle Complete,2024-01-17,False
009639,SO240102,RSP016,2024-07-10,False,,13236000,NET 45,Bundle Complete,2024-07-22,False
009890,SO240283,RSS028,2024-04-01,True,1.0,6405000,NET 30,Issued,,False
009736,SO240176,RSS037,2024-01-24,False,,27415000,NET 30,Issued,,False
009879,SO240274,KLN003,2024-06-24,True,1.0,16592000,NET 30,Bundle Complete,2024-08-08,False
009965,SO240341,RSP008,2024-06-26,True,2.0,11280000,NET 45,Bundle Complete,2024-07-23,False
009710,SO240156,RSS049,2024-11-22,True,1.0,73901000,NET 30,Bundle Complete,2024-12-29,False
009943,SO240326,KLN034,2024-06-07,True,1.0,66000,NET 30,Bundle Complete,2024-07-16,True
009641,SO240104,RSS003,2024-03-10,False,,9559500,NET 30,Bundle Complete,2024-03-30,False
009555,SO240038,RSS046,2024-01-15,True,2.0,30986500,NET 30,Bundle Complete,2024-01-31,False
010016,SO240379,KLN031,2024-11-27,True,1.0,93495500,NET 30,Bundle Complete,2024-12-18,False
009782,SO240207,RSP021,2024-11-21,True,1.0,66602000,NET 45,Bundle Complete,2024-12-24,False
009547,SO240033,RSS051,2024-08-27,True,2.0,78077000,NET 30,Issued,,False
009831,SO240242,RSS024,2024-03-14,False,,1175000,NET 30,Bundle Complete,2024-04-26,False
010087,SO240429,KLN024,2024-11-18,True,1.0,0,NET 30,Bundle Complete,2024-12-04,False
009858,SO240260,KLN050,2024-10-26,True,2.0,27771500,NET 30,Issued,,False
009633,SO240096,KLN006,2024-05-15,False,,1098000,NET 30,Bundle Complete,2024-06-28,False
009689,SO240140,RSS058,2024-12-03,True,2.0,5449000,NET 30,Bundle Complete,2025-01-03,False
009847,SO240254,RSS018,2024-07-19,False,,106189000,NET 30,Bundle Complete,2024-08-26,False
009549,SO240034,RSS038,2024-11-28,True,2.0,36853000,NET 30,Bundle Complete,2024-12-30,False
009635,SO240098,KLN056,2024-07-31,False,,11520500,NET 30,Bundle Complete,2024-09-01,False
009886,SO240279,KLN031,2024-10-19,False,,76948000,NET 30,Issued,,False
009753,SO240190,KLN018,2024-05-25,True,1.0,54418000,NET 30,Bundle Complete,2024-06-30,False
009556,SO240039,RSS058,2024-05-04,True,1.0,29305000,NET 30,Bundle Complete,2024-06-16,False
010047,SO240399,KLN068,2024-04-07,False,,35860000,NET 30,Bundle Complete,2024-05-17,False
009880,SO240274,KLN003,2024-06-23,True,2.0,19803000,NET 30,Bundle Complete,2024-07-28,False
009642,SO240105,RSS008,2024-04-23,False,,11023500,NET 30,Bundle Complete,2024-05-08,False
009973,SO240348,RSP033,2024-11-23,True,1.0,83602500,NET 45,Bundle Complete,2024-12-08,False
010106,SO240443,KLN034,2024-08-22,False,,137207000,NET 30,Bundle Complete,2024-09-28,False
009801,SO240222,RSS011,2024-04-17,True,1.0,58832000,NET 30,Bundle Complete,2024-05-14,False
009919,SO240306,RSS036,2024-04-13,True,2.0,37954000,NET 30,Bundle Complete,2024-05-14,False
009609,SO240076,KLN056,2024-12-14,False,,27210500,NET 30,Bundle Complete,2025-01-12,False
009733,SO240173,KLN052,2024-01-23,True,1.0,33172500,NET 30,Bundle Complete,2024-02-16,False
010031,SO240388,KLN022,2024-06-11,False,,102490500,NET 30,Issued,,False
009805,SO240225,KLN023,2024-03-06,True,1.0,33653000,NET 30,Issued,,False
009504,SO240003,KLN073,2024-02-15,True,1.0,42053500,NET 30,Issued,,False
009703,SO240151,KLN058,2024-11-10,True,2.0,42723000,NET 30,Bundle Complete,2024-12-23,False
009602,SO240071,RSP036,2024-07-09,False,,36778000,NET 45,Bundle Complete,2024-08-22,False
010183,SO240500,KLN033,2024-11-21,True,2.0,41228000,NET 30,Issued,,False
009687,SO240139,RSS011,2024-06-26,False,,51726000,NET 30,Issued,,False
009820,SO240235,RSS069,2024-04-22,True,2.0,17110000,NET 30,Bundle Complete,2024-06-01,False
009553,SO240037,RSS021,2024-05-02,True,2.0,82363500,NET 30,Bundle Complete,2024-05-27,True
009518,SO240014,KLN067,2024-10-01,False,,7189000,NET 30,Bundle Complete,2024-11-08,False
010112,SO240449,RSS008,2024-03-02,False,,86244500,NET 30,Bundle Complete,2024-04-05,False
009647,SO240109,RSS034,2024-11-27,True,2.0,26651500,NET 30,Bundle Complete,2024-12-20,False
009551,SO240036,RSS050,2024-09-17,False,,115774500,NET 30,Bundle Complete,2024-10-09,False
010138,SO240467,KLN068,2024-05-17,False,,39300000,NET 30,Bundle Complete,2024-06-25,False
009656,SO240119,RSP019,2024-04-24,True,1.0,95004000,NET 45,Bundle Complete,2024-05-29,False
009918,SO240306,RSS036,2024-04-14,True,1.0,42586000,NET 30,Bundle Complete,2024-05-07,False
010098,SO240437,RSP029,2024-07-04,False,,33558000,NET 45,Issued,,False
009925,SO240312,RSS066,2024-08-11,True,1.0,40872500,NET 30,Bundle Complete,2024-09-03,False
009868,SO240266,KLN067,2024-08-22,True,2.0,26480000,NET 30,Bundle Complete,2024-09-19,False
009694,SO240144,RSS057,2024-09-18,True,1.0,4218000,NET 30,Bundle Complete,2024-09-26,True
009992,SO240362,RSS057,2024-08-17,True,1.0,45445500,NET 30,Bundle Complete,2024-09-07,False
010097,SO240436,RSP049,2024-04-12,True,2.0,3900000,NET 45,Bundle Complete,2024-05-19,True
009531,SO240022,RSS059,2024-05-04,True,2.0,8680500,NET 30,Bundle Complete,2024-06-13,False
010052,SO240402,RSS020,2024-12-07,True,2.0,1588000,NET 30,Bundle Complete,2025-01-10,False
009971,SO240346,KLN008,2024-12-24,False,,75000500,NET 30,Bundle Complete,2024-12-31,False
009618,SO240082,KLN037,2024-10-15,False,,53774500,NET 30,Bundle Complete,2024-10-26,False
010163,SO240487,KLN048,2024-11-23,False,,11432000,NET 30,Bundle Complete,2024-12-27,False
009617,SO240081,KLN047,2024-06-13,True,2.0,16243500,NET 30,Bundle Complete,2024-07-10,False
009959,SO240337,RSS006,2024-07-12,True,2.0,553500,NET 30,Issued,,False
010070,SO240415,RSP031,2024-07-30,True,1.0,5025500,NET 45,Issued,,False
009528,SO240020,RSS067,2024-11-27,True,1.0,20735000,NET 30,Issued,,False
009999,SO240366,KLN066,2024-06-16,True,2.0,10610000,NET 30,Bundle Complete,2024-06-29,False
009552,SO240037,RSS021,2024-04-30,True,1.0,149981000,NET 30,Bundle Complete,2024-05-15,False
010081,SO240424,RSS053,2024-03-27,False,,47851500,NET 30,Issued,,False
009956,SO240335,RSS045,2024-09-24,False,,151350000,NET 30,Bundle Complete,2024-10-09,False
009772,SO240200,KLN021,2025-01-02,True,2.0,25204500,NET 30,Issued,,False
009876,SO240272,KLN017,2025-01-02,True,1.0,12566000,NET 30,Issued,,False
010170,SO240491,RSS045,2024-02-24,False,,73452000,NET 30,Issued,,True
009869,SO240267,KLN013,2024-10-22,False,,61824000,NET 30,Bundle Complete,2024-11-21,False
010131,SO240461,RSS048,2024-10-02,True,2.0,2821000,NET 30,Bundle Complete,2024-11-09,False
010063,SO240410,RSP012,2024-01-05,False,,45661500,NET 45,Issued,,False
009909,SO240299,RSP030,2024-08-12,True,2.0,11720000,NET 45,Bundle Complete,2024-09-15,False
009559,SO240040,RSP052,2024-09-19,True,2.0,20528000,NET 45,Bundle Complete,2024-10-25,False
009718,SO240161,RSS060,2024-04-26,False,,14782500,NET 30,Issued,,False
010011,SO240376,KLN065,2024-08-10,True,1.0,6909000,NET 30,Bundle Complete,2024-09-15,False
009757,SO240192,RSP045,2024-08-10,True,2.0,1619000,NET 45,Issued,,False
009693,SO240143,RSS007,2024-06-03,False,,316234500,NET 30,Issued,,False
009598,SO240067,KLN013,2024-03-01,False,,62520000,NET 30,Bundle Complete,2024-03-11,False
010064,SO240411,KLN030,2024-03-07,True,1.0,135526000,NET 30,Issued,,False
010009,SO240374,KLN023,2024-03-21,True,2.0,23808000,NET 30,Bundle Complete,2024-04-20,False
010141,SO240470,RSP036,2024-09-16,False,,92017500,NET 45,Bundle Complete,2024-10-02,False
010143,SO240471,RSS004,2024-05-18,True,2.0,27192500,NET 30,Bundle Complete,2024-05-31,True
009795,SO240218,RSS033,2024-12-19,True,1.0,35079000,NET 30,Issued,,False
009969,SO240344,RSS026,2024-04-16,True,2.0,88465500,NET 30,Bundle Complete,2024-05-29,True
009524,SO240018,RSS023,2024-10-15,True,1.0,32867000,NET 30,Issued,,False
010065,SO240411,KLN030,2024-03-05,True,2.0,104390000,NET 30,Bundle Complete,2024-03-24,False
010015,SO240378,KLN033,2024-04-30,False,,2136000,NET 30,Bundle Complete,2024-05-10,False
009859,SO240261,RSS040,2024-11-20,True,1.0,4042500,NET 30,Bundle Complete,2024-12-31,False
009655,SO240117,KLN027,2024-12-25,True,2.0,28790000,NET 30,Bundle Complete,2025-02-08,True
010104,SO240441,RSP034,2024-05-06,False,,4606000,NET 45,Bundle Complete,2024-05-17,False
009721,SO240164,RSS067,2024-11-28,False,,26715500,NET 30,Issued,,False
009953,SO240333,RSS026,2024-07-02,True,1.0,22196000,NET 30,Bundle Complete,2024-08-15,False
009866,SO240265,RSS031,2024-10-23,False,,0,NET 30,Issued,,False
010057,SO240405,RSP025,2024-02-19,True,2.0,18048000,NET 45,Bundle Complete,2024-03-20,False
009567,SO240045,KLN019,2024-04-22,True,2.0,5101500,NET 30,Bundle Complete,2024-05-10,False
009891,SO240283,RSS028,2024-03-30,True,2.0,8540000,NET 30,Bundle Complete,2024-05-03,True
010049,SO240401,RSS047,2024-05-13,True,1.0,3840000,NET 30,Bundle Complete,2024-06-04,False
009503,SO240002,RSS052,2024-09-10,False,,95977000,NET 30,Bundle Complete,2024-10-23,False
010102,SO240440,RSS057,2024-06-30,True,1.0,18346000,NET 30,Bundle Complete,2024-08-02,False
010181,SO240499,RSS019,2024-11-14,True,2.0,12253000,NET 30,Bundle Complete,2024-12-19,False
010171,SO240492,KLN056,2024-08-10,False,,6735500,NET 30,Bundle Complete,2024-09-07,False
009583,SO240057,KLN067,2024-04-28,False,,116895000,NET 30,Bundle Complete,2024-05-22,False
010133,SO240462,KLN030,2024-01-13,True,2.0,3640000,NET 30,Issued,,True
010152,SO240478,RSS082,2024-08-03,True,2.0,39900000,NET 30,Bundle Complete,2024-08-11,False
009918,SO240306,RSS036,2024-04-11,True,1.0,42586000,NET 30,Bundle Complete,2024-05-07,False
010053,SO240403,RSS052,2024-05-20,False,,126420000,NET 30,Bundle Complete,2024-06-05,False
009819,SO240235,RSS069,2024-04-17,True,1.0,16530000,NET 30,Bundle Complete,2024-05-31,False
009889,SO240282,RSS009,2024-11-11,False,,90190000,NET 30,Bundle Complete,2024-12-07,False
009539,SO240028,RSS064,2024-02-18,True,2.0,36444500,NET 30,Bundle Complete,2024-03-03,False
010169,SO240490,KLN003,2024-12-01,True,2.0,57667500,NET 30,Bundle Complete,2024-12-13,False
009828,SO240239,RSS041,2024-09-03,True,2.0,38216500,NET 30,Bundle Complete,2024-09-14,False
010012,SO240376,KLN065,2024-08-08,True,2.0,8319000,NET 30,Bundle Complete,2024-09-03,False
009511,SO240008,KLN011,2024-04-07,True,1.0,154225500,NET 30,Bundle Complete,2024-04-29,False
010039,SO240394,KLN036,2024-12-21,True,1.0,36852000,NET 30,Bundle Complete,2025-01-08,False
009844,SO240252,RSS027,2024-10-01,True,2.0,33439000,NET 30,Bundle Complete,2024-10-12,True
009564,SO240044,RSS073,2024-01-20,True,1.0,165653000,NET 30,Issued,,False
009533,SO240024,KLN050,2025-01-01,True,1.0,42855000,NET 30,Issued,,False
009806,SO240225,KLN023,2024-03-05,True,2.0,20670000,NET 30,Bundle Complete,2024-03-15,False
009955,SO240334,RSS050,2024-06-18,False,,17217500,NET 30,Bundle Complete,2024-07-25,False
009950,SO240330,RSS075,2024-08-12,True,2.0,931500,NET 30,Bundle Complete,2024-09-10,True
009902,SO240293,KLN059,2024-07-21,False,,59355000,NET 30,Bundle Complete,2024-09-03,True
009526,SO240019,RSS009,2024-01-27,True,1.0,32050000,NET 30,Bundle Complete,2024-02-29,False
010118,SO240453,RSS001,2024-08-14,True,2.0,19098000,NET 30,Bundle Complete,2024-08-29,False
009621,SO240085,RSS046,2024-07-02,False,,42507500,NET 30,Bundle Complete,2024-08-11,False
010128,SO240460,KLN057,2024-12-16,True,1.0,4548000,NET 30,Issued,,False
009853,SO240258,RSP029,2024-01-12,True,1.0,34503000,NET 45,Bundle Complete,2024-01-21,False
010113,SO240450,RSP052,2024-02-17,True,1.0,59229500,NET 45,Bundle Complete,2024-02-26,False
009760,SO240194,RSP039,2024-02-08,True,1.0,13486500,NET 45,Bundle Complete,2024-03-09,False
010172,SO240493,RSP041,2024-01-08,False,,85660500,NET 45,Bundle Complete,2024-01-30,False
009590,SO240061,KLN008,2024-09-17,True,2.0,13545000,NET 30,Issued,,False
009714,SO240158,KLN055,2024-07-19,False,,100037500,NET 30,Bundle Complete,2024-08-18,False
010089,SO240430,RSS063,2024-07-02,False,,96599500,NET 30,Bundle Complete,2024-08-12,False
009871,SO240268,RSP052,2024-07-08,True,2.0,25238000,NET 45,Bundle Complete,2024-07-22,False
009508,SO240005,RSS068,2024-09-16,False,,47351500,NET 30,Issued,,False
009920,SO240307,KLN055,2024-02-16,True,1.0,8147500,NET 30,Bundle Complete,2024-03-30,False
010050,SO240401,RSS047,2024-05-13,True,2.0,3120000,NET 30,Bundle Complete,2024-06-09,False
009688,SO240140,RSS058,2024-12-03,True,1.0,9357000,NET 30,Bundle Complete,2024-12-17,False
010099,SO240438,KLN001,2024-10-28,True,1.0,5851500,NET 30,Bundle Complete,2024-11-14,False
009541,SO240029,KLN041,2024-09-29,True,2.0,1027000,NET 30,Bundle Complete,2024-10-28,True
009809,SO240227,RSS058,2024-04-19,True,1.0,4696500,NET 30,Bundle Complete,2024-05-17,False
009673,SO240130,RSS054,2024-10-13,False,,72880000,NET 30,Issued,,False
010117,SO240453,RSS001,2024-08-14,True,1.0,17464000000,NET 30,Bundle Complete,2024-08-26,True
009741,SO240181,RSP004,2024-05-26,False,,62141000,NET 45,Bundle Complete,2024-06-15,False
010010,SO240375,RSS003,2024-06-24,False,,1287000,NET 30,Bundle Complete,2024-07-11,True
009840,SO240249,RSS045,2024-06-01,True,2.0,41047500,NET 30,Bundle Complete,2024-07-11,False
009960,SO240338,RSS061,2024-09-01,True,1.0,17340500,NET 30,Issued,,False
009974,SO240348,RSP033,2024-11-23,True,2.0,51107500,NET 45,Issued,,False
009746,SO240185,RSS013,2024-12-05,True,1.0,35332000,NET 30,Issued,,False
009557,SO240039,RSS058,2024-05-03,True,2.0,28054000,NET 30,Bundle Complete,2024-05-15,False
009817,SO240233,KLN073,2024-09-25,False,,63455500,NET 30,Issued,,False
009572,SO240049,RSS056,2024-11-14,True,1.0,59828000,NET 30,Issued,,False
010026,SO240384,RSP013,2024-12-08,True,2.0,43842500,NET 45,Bundle Complete,2025-01-18,False
009646,SO240109,RSS034,2024-11-27,True,1.0,49366000,NET 30,Bundle Complete,2024-12-15,False
009591,SO240062,RSS081,2024-01-05,True,1.0,111693500,NET 30,Bundle Complete,2024-01-22,False
009667,SO240126,KLN015,2024-01-28,False,,113062000,NET 30,Bundle Complete,2024-02-18,False
009994,SO240363,RSS013,2024-04-15,True,1.0,85676000,NET 30,Bundle Complete,2024-04-22,False
009671,SO240129,RSP017,2024-09-01,True,1.0,30881500,NET 45,Issued,,False
010027,SO240386,RSP027,2024-03-30,True,1.0,3811500,NET 45,Bundle Complete,2024-04-17,False
010130,SO240461,RSS048,2024-10-03,True,1.0,2619500,NET 30,Issued,,False
009744,SO240184,KLN059,2024-07-19,True,1.0,41591000,NET 30,Bundle Complete,2024-07-31,False
009588,SO240060,RSP034,2024-11-30,True,2.0,10906000,NET 45,Bundle Complete,2024-12-28,False
009715,SO240159,RSS053,2024-06-01,True,1.0,6796500,NET 30,Bundle Complete,2024-06-24,False
009674,SO240131,KLN061,2024-03-03,True,1.0,4137000,NET 30,Bundle Complete,2024-04-17,False
009792,SO240215,RSS040,2024-06-08,False,,125056000000,NET 30,Bundle Complete,2024-06-24,False
010043,SO240397,RSP013,2024-02-01,True,1.0,38409500,NET 45,Bundle Complete,2024-02-15,False
009619,SO240083,KLN031,2024-07-05,False,,46475500,NET 30,Bundle Complete,2024-08-05,False
009620,SO240084,RSP024,2024-06-04,False,,11990000,NET 45,Bundle Complete,2024-07-12,False
009924,SO240311,RSS046,2024-05-11,False,,40296500,NET 30,Bundle Complete,2024-06-18,False
009946,SO240328,RSP046,2024-12-29,False,,0,NET 45,Bundle Complete,2025-01-31,False
009835,SO240246,RSP015,2024-07-16,True,1.0,191490500,NET 45,Bundle Complete,2024-08-15,False
010094,SO240435,RSS021,2024-10-22,True,1.0,1539000,NET 30,Bundle Complete,2024-11-12,False
009863,SO240263,RSP038,2024-10-29,True,1.0,16745500,NET 45,Issued,,False
009663,SO240123,KLN016,2024-09-10,True,2.0,27103500,NET 30,Bundle Complete,2024-09-21,False
009615,SO240080,KLN058,2024-12-17,False,,305676000,NET 30,Issued,,False
009659,SO240121,KLN028,2024-02-17,True,1.0,49343000,NET 30,Bundle Complete,2024-03-06,True
009651,SO240113,KLN005,2024-08-29,False,,43450500,NET 30,Bundle Complete,2024-09-20,False
009821,SO240236,KLN065,2024-07-18,True,1.0,18451500,NET 30,Bundle Complete,2024-08-07,False
010008,SO240374,KLN023,2024-03-22,True,1.0,40797000,NET 30,Bundle Complete,2024-04-04,False
009532,SO240023,KLN002,2024-09-03,False,,8640000,NET 30,Issued,,False
009942,SO240325,RSS060,2024-06-02,False,,64864500,NET 30,Bundle Complete,2024-06-20,False
009521,SO240016,RSS048,2024-12-20,False,,253811500,NET 30,Bundle Complete,2025-01-04,False
009614,SO240079,RSS011,2024-03-26,True,2.0,84922500,NET 30,Bundle Complete,2024-04-30,False
009983,SO240355,KLN026,2024-09-18,False,,32534000,NET 30,Bundle Complete,2024-10-24,False
009501,SO240001,RSS011,2024-10-09,True,1.0,24601500,NET 30,Bundle Complete,2024-11-22,False
009824,SO240237,RSP011,2024-04-17,True,2.0,48391500,NET 45,Bundle Complete,2024-05-05,False
009930,SO240315,KLN055,2024-11-03,True,1.0,13653000,NET 30,Bundle Complete,2024-12-16,False
009629,SO240092,RSP053,2024-12-12,False,,99533500,NET 45,Bundle Complete,2025-01-24,False
009759,SO240193,RSS072,2024-06-22,True,2.0,31684500,NET 30,Issued,,False
010175,SO240495,KLN065,2024-10-11,True,1.0,3072000,NET 30,Bundle Complete,2024-11-04,False
009815,SO240231,KLN071,2024-04-10,True,2.0,45644000,NET 30,Bundle Complete,2024-05-23,False
010093,SO240434,RSS012,2024-08-29,False,,55832000,NET 30,Bundle Complete,2024-09-05,False
009636,SO240099,RSS039,2024-08-22,False,,2994500,NET 30,Bundle Complete,2024-09-21,False
009938,SO240321,RSS083,2024-05-04,False,,118495500,NET 30,Bundle Complete,2024-06-08,False
009505,SO240003,KLN073,2024-02-15,True,2.0,30166000,NET 30,Bundle Complete,2024-03-04,False
010149,SO240476,RSS063,2024-05-26,True,2.0,20648000,NET 30,Issued,,False
009825,SO240238,RSS056,2024-11-12,True,1.0,35291000,NET 30,Bundle Complete,2024-12-18,True
009852,SO240257,KLN007,2024-11-20,False,,4796500,NET 30,Bundle Complete,2024-12-01,False
009798,SO240219,RSS046,2024-08-20,True,2.0,12000000,NET 30,Issued,,False
009581,SO240055,RSS030,2024-11-20,False,,90363000,NET 30,Bundle Complete,2024-12-23,False
010062,SO240409,RSS020,2024-05-31,False,,31542000,NET 30,Bundle Complete,2024-06-09,False
009527,SO240019,RSS009,2024-01-25,True,2.0,20967000,NET 30,Bundle Complete,2024-02-29,False
009912,SO240302,RSS034,2024-09-14,True,1.0,12488000,NET 30,Bundle Complete,2024-10-04,False
009717,SO240160,RSP009,2024-09-09,False,,30846500,NET 45,Bundle Complete,2024-10-18,False
010156,SO240481,RSS039,2024-07-29,False,,64259000,NET 30,Bundle Complete,2024-09-01,False
009862,SO240262,KLN012,2024-11-27,True,2.0,58642500,NET 30,Issued,,False
010110,SO240447,RSS017,2024-05-15,False,,71250000,NET 30,Bundle Complete,2024-06-25,False
009990,SO240360,KLN044,2024-11-13,True,2.0,22287000,NET 30,Bundle Complete,2024-12-10,False
009648,SO240110,KLN022,2024-01-18,False,,87413000,NET 30,Bundle Complete,2024-01-28,False
009515,SO240011,KLN014,2024-01-25,False,,68711000,NET 30,Bundle Complete,2024-02-29,True
009675,SO240131,KLN061,2024-03-04,True,2.0,2667000,NET 30,Bundle Complete,2024-03-28,False
009587,SO240060,RSP034,2024-11-30,True,1.0,14411500,NET 45,Bundle Complete,2025-01-07,False
009666,SO240125,RSP035,2024-12-27,True,2.0,130149000,NET 45,Issued,,False
010114,SO240450,RSP052,2024-02-16,True,2.0,63222500,NET 45,Bundle Complete,2024-03-01,False
009836,SO240246,RSP015,2024-07-18,True,2.0,106706000,NET 45,Bundle Complete,2024-08-11,False
009560,SO240041,RSS014,2024-08-25,True,1.0,9641000,NET 30,Bundle Complete,2024-10-01,False
010107,SO240444,RSP014,2024-05-19,False,,9108000,NET 45,Bundle Complete,2024-06-23,False
009900,SO240291,RSP005,2024-06-26,False,,16260000,NET 45,Bundle Complete,2024-07-31,False
009665,SO240125,RSP035,2024-12-26,True,1.0,108442500,NET 45,Issued,,False
009888,SO240281,KLN037,2024-05-20,False,,11582000,NET 30,Bundle Complete,2024-06-06,False
009793,SO240216,RSS018,2024-01-25,True,1.0,35553000,NET 30,Bundle Complete,2024-02-24,False
009542,SO240030,RSS030,2024-12-30,False,,17232500,NET 30,Bundle Complete,2025-02-04,False
009830,SO240241,RSS018,2024-04-03,False,,29095500,NET 30,Bundle Complete,2024-05-04,False
009948,SO240329,RSP038,2024-05-28,True,2.0,51437500,NET 45,Issued,,False
009580,SO240054,RSS036,2024-10-28,False,,34344000,NET 30,Bundle Complete,2024-12-11,False
010078,SO240421,RSP017,2024-11-27,False,,6919000,NET 45,Bundle Complete,2024-12-24,True
009529,SO240020,RSS067,2024-11-27,True,2.0,14008000,NET 30,Bundle Complete,2024-12-18,False
009882,SO240276,RSP036,2024-10-15,True,1.0,88141500,NET 45,Bundle Complete,2024-10-31,False
009913,SO240302,RSS034,2024-09-13,True,2.0,6913000,NET 30,Issued,,False
009908,SO240299,RSP030,2024-08-12,True,1.0,14943000,NET 45,Bundle Complete,2024-09-26,False
009755,SO240191,KLN052,2024-07-07,False,,36316500,NET 30,Bundle Complete,2024-08-19,False
009921,SO240307,KLN055,2024-02-18,True,2.0,5424000,NET 30,Bundle Complete,2024-03-09,False
009814,SO240231,KLN071,2024-04-10,True,1.0,67221500,NET 30,Bundle Complete,2024-05-03,False
009585,SO240058,RSS004,2024-06-26,True,2.0,111348000,NET 30,Bundle Complete,2024-07-17,False
009563,SO240043,RSP021,2024-03-28,False,,28187000,NET 45,Bundle Complete,2024-04-14,False
010182,SO240500,KLN033,2024-11-19,True,1.0,48567000,NET 30,Bundle Complete,2024-12-12,True
009637,SO240100,RSS033,2024-02-19,False,,12071000,NET 30,Bundle Complete,2024-04-02,False
009612,SO240078,KLN038,2024-01-06,True,2.0,22462000,NET 30,Bundle Complete,2024-01-26,False
009695,SO240144,RSS057,2024-09-18,True,2.0,3648000,NET 30,Bundle Complete,2024-10-01,False
009841,SO240250,KLN016,2024-09-13,False,,71162500,NET 30,Bundle Complete,2024-09-23,False
009679,SO240134,RSP050,2024-06-07,True,2.0,54241000,NET 45,Bundle Complete,2024-07-16,False
009544,SO240032,RSS067,2024-04-01,True,1.0,3757000,NET 30,Bundle Complete,2024-05-14,False
010014,SO240377,KLN015,2024-10-02,True,2.0,18245000,NET 30,Bundle Complete,2024-11-15,False
009980,SO240353,RSP029,2024-11-14,True,1.0,18117000,NET 45,Bundle Complete,2024-11-25,False
010161,SO240485,RSS078,2024-12-26,False,,105827500,NET 30,Issued,,False
009794,SO240216,RSS018,2024-01-24,True,2.0,18663000,NET 30,Bundle Complete,2024-02-06,False
009630,SO240093,RSP042,2024-10-13,False,,12601000,NET 45,Bundle Complete,2024-11-20,False
010134,SO240463,KLN052,2024-06-14,False,,439053500,NET 30,Bundle Complete,2024-07-21,False
009896,SO240287,KLN055,2024-02-08,False,,152670500,NET 30,Bundle Complete,2024-02-20,False
009719,SO240162,KLN023,2024-01-23,False,,592759500,NET 30,Bundle Complete,2024-03-02,False
009597,SO240066,RSP034,2024-03-09,False,,3440000,NET 45,Bundle Complete,2024-04-09,False
009625,SO240088,RSS027,2024-06-19,True,2.0,9282000,NET 30,Bundle Complete,2024-07-01,False
010165,SO240488,KLN021,2024-12-10,True,2.0,4440500,NET 30,Bundle Complete,2024-12-25,False
009727,SO240169,RSS068,2024-07-03,False,,15088500,NET 30,Bundle Complete,2024-07-31,False
009678,SO240134,RSP050,2024-06-06,True,1.0,98145000,NET 45,Bundle Complete,2024-06-18,False
010120,SO240454,RSS030,2024-12-02,True,2.0,23819500,NET 30,Bundle Complete,2024-12-22,False
010177,SO240496,RSP017,2024-04-06,False,,46540000,NET 45,Bundle Complete,2024-05-21,False
010164,SO240488,KLN021,2024-12-10,True,1.0,4601000,NET 30,Bundle Complete,2025-01-19,False
010006,SO240372,KLN029,2024-07-15,False,,18628500,NET 30,Bundle Complete,2024-08-20,False
009604,SO240072,RSS040,2024-06-07,True,2.0,4972500,NET 30,Bundle Complete,2024-07-14,False
009582,SO240056,KLN026,2024-12-30,False,,91372000,NET 30,Bundle Complete,2025-01-22,False
009968,SO240344,RSS026,2024-04-16,True,1.0,101297000,NET 30,Bundle Complete,2024-05-03,True
009980,SO240353,RSP029,2024-11-14,True,1.0,18117000,NET 45,Bundle Complete,2024-11-25,False
009873,SO240269,KLN012,2024-08-22,True,2.0,3420000,NET 30,Issued,,False
009765,SO240197,RSP053,2024-08-01,True,1.0,1668000,NET 45,Bundle Complete,2024-09-08,False
009915,SO240303,RSS039,2024-09-03,True,2.0,23973500,NET 30,Bundle Complete,2024-10-08,False
009838,SO240248,RSP041,2024-10-23,False,,109939000,NET 45,Issued,,False
009883,SO240276,RSP036,2024-10-15,True,2.0,43900500,NET 45,Bundle Complete,2024-11-15,True
009728,SO240170,RSP003,2024-06-11,True,1.0,111701000,NET 45,Bundle Complete,2024-07-18,False
009802,SO240222,RSS011,2024-04-17,True,2.0,54440500,NET 30,Bundle Complete,2024-04-26,False
009993,SO240362,RSS057,2024-08-18,True,2.0,39964000,NET 30,Bundle Complete,2024-09-11,False
009776,SO240203,RSS080,2024-10-07,False,,128920000,NET 30,Issued,,False
009627,SO240090,KLN011,2024-09-24,False,,78934500,NET 30,Bundle Complete,2024-10-26,True
009764,SO240196,RSS048,2024-05-22,False,,162744000,NET 30,Bundle Complete,2024-06-20,False
010124,SO240456,RSS017,2024-12-22,True,2.0,96352500,NET 30,Bundle Complete,2025-02-04,False
009700,SO240148,RSS044,2024-05-22,False,,328329000,NET 30,Bundle Complete,2024-07-04,False
009754,SO240190,KLN018,2024-05-25,True,2.0,39022000,NET 30,Bundle Complete,2024-06-12,False
009672,SO240129,RSP017,2024-08-28,True,2.0,25824000,NET 45,Bundle Complete,2024-09-12,False
009738,SO240178,KLN033,2024-12-20,False,,50186000,NET 30,Bundle Complete,2025-01-05,False
009537,SO240027,RSP042,2024-11-15,False,,341244500,NET 45,Bundle Complete,2024-12-28,False
009640,SO240103,RSP049,2024-10-31,False,,81483000,NET 45,Bundle Complete,2024-11-13,False
009804,SO240224,KLN052,2024-08-28,False,,153811500,NET 30,Bundle Complete,2024-09-16,False
009768,SO240198,RSP008,2024-03-27,True,2.0,10139000,NET 45,Bundle Complete,2024-05-04,False
009823,SO240237,RSP011,2024-04-18,True,1.0,54772000,NET 45,Bundle Complete,2024-04-28,False
010135,SO240464,KLN059,2024-10-13,False,,78259000,NET 30,Bundle Complete,2024-11-18,False
010005,SO240371,KLN017,2024-12-25,True,2.0,19445000,NET 30,Issued,,False
009713,SO240157,RSS016,2024-01-30,True,2.0,2633000,NET 30,Bundle Complete,2024-02-21,False
009885,SO240278,KLN054,2024-03-05,False,,180929000,NET 30,Bundle Complete,2024-04-12,False
009699,SO240147,RSP049,2024-01-08,False,,77975000,NET 45,Issued,,False
009906,SO240297,RSS065,2024-04-19,False,,106379500,NET 30,Bundle Complete,2024-05-28,False
009856,SO240259,RSS067,2024-08-22,True,2.0,55651000,NET 30,Issued,,False
010024,SO240383,KLN056,2024-06-29,False,,72516000,NET 30,Issued,,False
009905,SO240296,RSS039,2024-11-24,False,,95749500,NET 30,Issued,,False
009516,SO240012,KLN016,2024-12-22,False,,91060500,NET 30,Bundle Complete,2024-12-31,False
009664,SO240124,RSP019,2024-06-17,False,,33807500,NET 45,Bundle Complete,2024-07-18,False
010058,SO240406,RSP026,2024-04-05,False,,126677000,NET 45,Bundle Complete,2024-05-02,False
009803,SO240223,RSS053,2024-10-14,False,,1711000,NET 30,Bundle Complete,2024-11-08,False
009742,SO240182,KLN072,2024-08-08,False,,71151000,NET 30,Bundle Complete,2024-09-10,False
009843,SO240252,RSS027,2024-10-02,True,1.0,47151000,NET 30,Bundle Complete,2024-11-15,False
009538,SO240028,RSS064,2024-02-17,True,1.0,30405500,NET 30,Bundle Complete,2024-02-27,False
009887,SO240280,KLN013,2024-07-06,False,,20138500,NET 30,Bundle Complete,2024-07-19,False
010101,SO240439,KLN039,2024-05-03,False,,21571000,NET 30,Bundle Complete,2024-06-08,False
009707,SO240153,RSP027,2024-01-01,True,2.0,17568000,NET 45,Bundle Complete,2024-01-31,False
009796,SO240218,RSS033,2024-12-18,True,2.0,23118000,NET 30,Bundle Complete,2025-01-08,False
010060,SO240407,RSS019,2024-03-28,True,2.0,20980500000,NET 30,Bundle Complete,2024-04-26,False
010044,SO240397,RSP013,2024-02-01,True,2.0,24217500,NET 45,Bundle Complete,2024-02-13,False
009574,SO240050,RSS036,2024-03-15,True,1.0,23705000,NET 30,Bundle Complete,2024-04-10,False
009594,SO240063,RSP012,2024-08-22,True,2.0,115203500,NET 45,Bundle Complete,2024-09-11,False
009605,SO240073,RSP005,2024-01-26,False,,36482500,NET 45,Bundle Complete,2024-02-14,False
010121,SO240455,RSP029,2024-11-17,True,1.0,24999000,NET 45,Bundle Complete,2024-12-24,False
009986,SO240358,RSS010,2024-01-24,True,1.0,22801000,NET 30,Bundle Complete,2024-02-16,False
009517,SO240013,RSS064,2024-02-17,False,,4981500,NET 30,Issued,,False
009940,SO240323,RSP026,2024-10-26,False,,122709000,NET 45,Bundle Complete,2024-12-03,False
009592,SO240062,RSS081,2024-01-07,True,2.0,106574500,NET 30,Bundle Complete,2024-02-01,False
009589,SO240061,KLN008,2024-09-18,True,1.0,13545000,NET 30,Bundle Complete,2024-10-13,False
009811,SO240228,RSS014,2024-01-21,False,,36694000,NET 30,Issued,,False
009897,SO240288,RSP004,2024-03-30,True,1.0,36260000,NET 45,Bundle Complete,2024-05-13,False
009706,SO240153,RSP027,2024-01-03,True,1.0,23756000,NET 45,Bundle Complete,2024-02-05,False
009603,SO240072,RSS040,2024-06-06,True,1.0,9935000,NET 30,Bundle Complete,2024-07-01,False
009739,SO240179,KLN038,2024-10-02,False,,56259000,NET 30,Bundle Complete,2024-10-09,False
010002,SO240369,RSS032,2024-04-17,False,,174064500,NET 30,Bundle Complete,2024-05-03,False
009931,SO240315,KLN055,2024-11-03,True,2.0,11433000,NET 30,Bundle Complete,2024-12-04,True
009747,SO240185,RSS013,2024-12-04,True,2.0,29040000,NET 30,Bundle Complete,2025-01-05,False
009927,SO240313,RSS049,2024-09-11,False,,233108500,NET 30,Bundle Complete,2024-10-20,False
010045,SO240398,RSS046,2024-07-08,True,1.0,1173000,NET 30,Bundle Complete,2024-08-14,False
009658,SO240120,RSP017,2024-07-17,False,,81080000,NET 45,Bundle Complete,2024-08-08,False
009827,SO240239,RSS041,2024-09-02,True,1.0,0,NET 30,Issued,,False
009634,SO240097,RSS043,2024-04-17,False,,106641000,NET 30,Bundle Complete,2024-05-26,False
010091,SO240433,RSS044,2024-04-19,True,1.0,6858000,NET 30,Issued,,False
010077,SO240420,RSS002,2024-08-22,False,,122422000,NET 30,Bundle Complete,2024-09-07,False
009860,SO240261,RSS040,2024-11-18,True,2.0,4357500,NET 30,Bundle Complete,2024-12-25,False
009954,SO240333,RSS026,2024-07-02,True,2.0,22912000,NET 30,Bundle Complete,2024-08-14,False
009519,SO240015,RSS010,2024-05-13,True,1.0,46956500,NET 30,Bundle Complete,2024-06-01,False
009979,SO240352,KLN067,2024-03-08,False,,140056000,NET 30,Bundle Complete,2024-04-09,True
009622,SO240086,RSS016,2024-07-29,False,,74230000,NET 30,Bundle Complete,2024-09-12,False
009774,SO240202,RSS024,2024-07-10,True,1.0,46689500,NET 30,Bundle Complete,2024-08-21,False
009650,SO240112,KLN043,2024-10-11,False,,70107500,NET 30,Bundle Complete,2024-10-21,False
009978,SO240351,KLN040,2024-05-03,False,,53272500,NET 30,Bundle Complete,2024-06-16,False
009775,SO240202,RSS024,2024-07-10,True,2.0,33918500,NET 30,Bundle Complete,2024-07-25,False
009934,SO240318,RSS067,2024-08-28,True,1.0,28332500,NET 30,Bundle Complete,2024-09-30,True
009800,SO240221,KLN014,2024-11-11,True,2.0,76047000,NET 30,Issued,,False
010125,SO240457,KLN026,2024-08-06,False,,65542500,NET 30,Bundle Complete,2024-08-17,False
009812,SO240229,KLN023,2024-12-25,False,,2184000,NET 30,Bundle Complete,2025-01-31,False
010032,SO240389,KLN044,2024-07-08,False,,65140000,NET 30,Bundle Complete,2024-08-04,False
010160,SO240484,RSS047,2024-12-05,False,,57225000,NET 30,Bundle Complete,2024-12-23,False
009769,SO240199,KLN030,2024-04-06,True,1.0,55839000,NET 30,Bundle Complete,2024-05-02,False
009535,SO240025,KLN006,2024-02-15,False,,23095000,NET 30,Bundle Complete,2024-03-20,False
009682,SO240136,KLN005,2024-12-21,True,1.0,35229000,NET 30,Bundle Complete,2024-12-28,False
009685,SO240137,RSP003,2024-06-25,True,2.0,43705500,NET 45,Bundle Complete,2024-07-25,False
009907,SO240298,RSP046,2024-12-28,False,,149756000,NET 45,Bundle Complete,2025-01-07,False
009708,SO240154,KLN009,2024-08-19,False,,170473500,NET 30,Bundle Complete,2024-09-06,False
009985,SO240357,KLN011,2024-07-12,False,,20655000,NET 30,Bundle Complete,2024-07-28,False
009595,SO240064,KLN006,2024-08-21,False,,131715500,NET 30,Bundle Complete,2024-10-04,True
010159,SO240483,KLN073,2024-10-16,True,2.0,54211500,NET 30,Bundle Complete,2024-11-28,False
010042,SO240396,RSS050,2024-12-03,False,,40034000,NET 30,Bundle Complete,2025-01-15,False
009854,SO240258,RSP029,2024-01-10,True,2.0,24125500,NET 45,Issued,,False
009881,SO240275,RSS044,2024-06-14,False,,30150000,NET 30,Bundle Complete,2024-07-14,False
009981,SO240353,RSP029,2024-11-16,True,2.0,22143000,NET 45,Bundle Complete,2024-12-21,False
009911,SO240301,RSS063,2024-07-06,False,,8047500,NET 30,Bundle Complete,2024-08-18,False
009623,SO240087,KLN039,2024-10-08,False,,106122000,NET 30,Bundle Complete,2024-10-25,False
009870,SO240268,RSP052,2024-07-09,True,1.0,33642500,NET 45,Bundle Complete,2024-08-02,False
010071,SO240415,RSP031,2024-07-28,True,2.0,7184000,NET 45,Issued,,False
010075,SO240418,RSP014,2024-12-31,False,,100098500,NET 45,Bundle Complete,2025-01-15,False
010028,SO240386,RSP027,2024-03-29,True,2.0,3118500,NET 45,Bundle Complete,2024-04-17,True
009865,SO240264,RSP033,2024-11-25,False,,55362000,NET 45,Bundle Complete,2024-12-17,False
009579,SO240053,RSP036,2024-03-15,False,,13698000,NET 45,Bundle Complete,2024-04-27,False
009851,SO240256,RSS063,2024-10-05,True,2.0,34994000,NET 30,Issued,,False
009562,SO240042,KLN055,2024-06-23,False,,70121500,NET 30,Bundle Complete,2024-07-20,False
009752,SO240189,RSS082,2024-04-18,True,2.0,4710000,NET 30,Bundle Complete,2024-05-31,False
009626,SO240089,KLN048,2024-04-18,False,,50263500,NET 30,Issued,,False
010061,SO240408,RSS081,2024-11-08,False,,23369500,NET 30,Bundle Complete,2024-12-06,False
010059,SO240407,RSS019,2024-03-27,True,1.0,0,NET 30,Bundle Complete,2024-05-07,False
009514,SO240010,KLN030,2024-01-05,False,,107102500,NET 30,Bundle Complete,2024-02-01,False
009848,SO240255,RSS042,2024-08-15,True,1.0,495000,NET 30,Issued,,False
010082,SO240425,RSS053,2024-02-28,False,,2214500,NET 30,Issued,,False
010142,SO240471,RSS004,2024-05-17,True,1.0,39857500,NET 30,Bundle Complete,2024-05-26,False
009917,SO240304,RSP027,2024-02-19,True,2.0,37081000,NET 45,Bundle Complete,2024-03-03,False
010019,SO240380,RSS082,2024-02-06,True,2.0,958000,NET 30,Bundle Complete,2024-03-22,False
010021,SO240381,RSS041,2024-05-16,True,2.0,39726500,NET 30,Bundle Complete,2024-06-09,False
010153,SO240479,RSP040,2024-11-13,False,,110046500,NET 45,Bundle Complete,2024-11-23,True
009568,SO240046,KLN054,2024-05-03,True,1.0,82358500,NET 30,Issued,,False
009525,SO240018,RSS023,2024-10-15,True,2.0,26158500,NET 30,Issued,,False
009578,SO240052,RSS064,2024-10-13,False,,86910000,NET 30,Issued,,False
009606,SO240074,RSS070,2024-12-04,True,1.0,118133000,NET 30,Issued,,False
009689,SO240140,RSS058,2024-12-03,True,2.0,5449000,NET 30,Bundle Complete,2025-01-03,False
010048,SO240400,RSS039,2024-04-18,False,,77134000,NET 30,Issued,,False
010108,SO240445,RSS030,2024-01-31,False,,144088500,NET 30,Bundle Complete,2024-03-05,False
010151,SO240478,RSS082,2024-08-02,True,1.0,36436000,NET 30,Bundle Complete,2024-08-29,False
010046,SO240398,RSS046,2024-07-09,True,2.0,663000,NET 30,Bundle Complete,2024-08-04,False
009991,SO240361,RSS044,2024-09-01,False,,323764000,NET 30,Bundle Complete,2024-10-01,False
010090,SO240432,RSS031,2024-01-10,False,,51257500000,NET 30,Bundle Complete,2024-01-26,False
010090,SO240432,RSS031,2024-01-10,False,,51257500,NET 30,Bundle Complete,2024-01-26,False
009864,SO240263,RSP038,2024-10-27,True,2.0,19017000,NET 45,Bundle Complete,2024-11-29,False
009570,SO240047,RSP009,2024-09-17,False,,110394500,NET 45,Bundle Complete,2024-10-11,False
009661,SO240122,KLN041,2024-04-25,False,,116725500,NET 30,Issued,,False
009512,SO240008,KLN011,2024-04-07,True,2.0,116350000,NET 30,Bundle Complete,2024-05-13,False
009645,SO240108,RSP009,2024-08-01,False,,72746500,NET 45,Bundle Complete,2024-08-27,True
010018,SO240380,RSS082,2024-02-06,True,1.0,929500,NET 30,Bundle Complete,2024-02-26,False
009928,SO240314,RSP004,2024-09-28,True,1.0,1087500,NET 45,Bundle Complete,2024-10-12,False
009677,SO240133,KLN057,2024-05-17,False,,102134500,NET 30,Bundle Complete,2024-05-27,False
009941,SO240324,RSP009,2024-08-20,False,,63331500,NET 45,Bundle Complete,2024-09-17,False
010022,SO240382,KLN036,2024-11-07,True,1.0,5833500,NET 30,Bundle Complete,2024-12-07,False
010109,SO240446,RSS010,2024-02-07,False,,54797500,NET 30,Bundle Complete,2024-02-28,False
010155,SO240480,RSS058,2024-06-19,True,2.0,70762000,NET 30,Issued,,True
009732,SO240172,RSS039,2024-07-09,True,2.0,47025000,NET 30,Bundle Complete,2024-07-18,False
009711,SO240156,RSS049,2024-11-21,True,2.0,58483500,NET 30,Bundle Complete,2024-11-28,False
009644,SO240107,RSS074,2024-09-29,False,,67084500,NET 30,Bundle Complete,2024-10-10,True
010020,SO240381,RSS041,2024-05-20,True,1.0,57433500,NET 30,Bundle Complete,2024-05-28,False
010063,SO240410,RSP012,2024-01-05,False,,45661500,NET 45,Issued,,False
009799,SO240221,KLN014,2024-11-12,True,1.0,120598000,NET 30,Issued,,False
009929,SO240314,RSP004,2024-09-28,True,2.0,1537500,NET 45,Issued,,False
010145,SO240473,RSP037,2024-07-06,False,,13481000,NET 45,Bundle Complete,2024-08-10,False
009509,SO240006,RSP005,2024-12-11,False,,88776000,NET 45,Bundle Complete,2025-01-14,False
009657,SO240119,RSP019,2024-04-24,True,2.0,80656000,NET 45,Bundle Complete,2024-05-11,False
010040,SO240394,KLN036,2024-12-19,True,2.0,26381500,NET 30,Issued,,False
010007,SO240373,RSS007,2024-03-14,False,,9948000,NET 30,Issued,,False
009937,SO240320,RSS026,2024-12-04,False,,101625000,NET 30,Bundle Complete,2024-12-30,True
009767,SO240198,RSP008,2024-03-26,True,1.0,12838500,NET 45,Bundle Complete,2024-04-19,False
009962,SO240339,RSP040,2024-10-22,False,,243851500,NET 45,Bundle Complete,2024-11-01,False
009839,SO240249,RSS045,2024-05-30,True,1.0,47184000,NET 30,Bundle Complete,2024-07-13,False
009756,SO240192,RSP045,2024-08-12,True,1.0,2082000,NET 45,Bundle Complete,2024-09-19,False
010068,SO240413,RSS008,2024-02-26,True,2.0,38478000,NET 30,Issued,,False
010096,SO240436,RSP049,2024-04-10,True,1.0,3120000,NET 45,Bundle Complete,2024-04-23,True
009709,SO240155,KLN051,2024-09-18,False,,77199500,NET 30,Bundle Complete,2024-10-27,False
009788,SO240212,RSS071,2024-11-01,False,,208875000,NET 30,Bundle Complete,2024-11-11,False
009502,SO240001,RSS011,2024-10-10,True,2.0,29142000,NET 30,Issued,,True
009842,SO240251,KLN007,2024-06-05,False,,123452000,NET 30,Bundle Complete,2024-07-02,False
009770,SO240199,KLN030,2024-04-07,True,2.0,59276000,NET 30,Bundle Complete,2024-04-23,True
009766,SO240197,RSP053,2024-08-02,True,2.0,2502000,NET 45,Issued,,False
010073,SO240416,RSS073,2024-08-09,True,2.0,31197000,NET 30,Issued,,False
010076,SO240419,RSP029,2024-07-23,False,,79194500,NET 45,Issued,,False
009596,SO240065,RSS004,2024-03-13,False,,260957000,NET 30,Issued,,False
010173,SO240494,RSP004,2024-12-05,True,1.0,30874500,NET 45,Bundle Complete,2025-01-01,False
009543,SO240031,RSP012,2024-08-12,False,,9490500,NET 45,Bundle Complete,2024-08-29,True
010111,SO240448,RSS057,2024-12-16,False,,48609500,NET 30,Bundle Complete,2025-01-18,False
010129,SO240460,KLN057,2024-12-16,True,2.0,4442000,NET 30,Bundle Complete,2024-12-23,False
010158,SO240483,KLN073,2024-10-16,True,1.0,72093000,NET 30,Bundle Complete,2024-11-09,True
009546,SO240033,RSS051,2024-08-26,True,1.0,75860000,NET 30,Bundle Complete,2024-09-04,False
009662,SO240123,KLN016,2024-09-12,True,1.0,30801500,NET 30,Issued,,False
009789,SO240213,RSP026,2024-03-11,False,,47641500,NET 45,Bundle Complete,2024-04-14,False
010126,SO240458,KLN019,2024-06-02,False,,61229500,NET 30,Bundle Complete,2024-06-18,False
010162,SO240486,RSS016,2024-02-26,False,,24134000,NET 30,Bundle Complete,2024-03-05,False
009816,SO240232,RSS015,2024-12-13,False,,24150000,NET 30,Bundle Complete,2025-01-23,False
009731,SO240172,RSS039,2024-07-09,True,1.0,73931000,NET 30,Bundle Complete,2024-07-24,False
010079,SO240422,RSP047,2024-01-09,True,1.0,18001500,NET 45,Bundle Complete,2024-02-01,False
009577,SO240051,KLN067,2024-05-23,True,2.0,504000,NET 30,Bundle Complete,2024-06-12,False
010176,SO240495,KLN065,2024-10-12,True,2.0,2637500,NET 30,Bundle Complete,2024-10-20,False
009748,SO240187,RSS010,2024-04-01,False,,131146000,NET 30,Bundle Complete,2024-04-23,False
009977,SO240350,KLN013,2024-04-25,True,2.0,32829500,NET 30,Bundle Complete,2024-06-08,False
009586,SO240059,RSS050,2024-02-23,False,,48225000,NET 30,Bundle Complete,2024-03-13,False
009970,SO240345,KLN015,2024-06-13,False,,211752000,NET 30,Bundle Complete,2024-07-11,True
009726,SO240168,KLN057,2024-04-03,False,,15000000,NET 30,Bundle Complete,2024-04-14,False
009832,SO240244,RSP029,2024-10-15,True,1.0,21557000,NET 45,Issued,,False
009734,SO240173,KLN052,2024-01-25,True,2.0,26949500,NET 30,Bundle Complete,2024-02-05,False
009976,SO240350,KLN013,2024-04-27,True,1.0,33008500,NET 30,Bundle Complete,2024-05-08,False
010122,SO240455,RSP029,2024-11-17,True,2.0,19871500,NET 45,Issued,,True
009922,SO240309,RSS069,2024-05-16,False,,33386000,NET 30,Issued,,False
009683,SO240136,KLN005,2024-12-19,True,2.0,46213500,NET 30,Bundle Complete,2025-01-14,False
009833,SO240244,RSP029,2024-10-10,True,2.0,22863000,NET 45,Bundle Complete,2024-10-30,False
009939,SO240322,KLN057,2024-04-15,False,,54028000,NET 30,Bundle Complete,2024-05-30,False
009550,SO240035,KLN011,2024-11-27,False,,66675500,NET 30,Bundle Complete,2025-01-04,False
009506,SO240004,RSS050,2024-05-31,True,1.0,19889000,NET 30,Bundle Complete,2024-06-16,False
010030,SO240387,RSP053,2024-02-13,True,2.0,9175000,NET 45,Bundle Complete,2024-03-22,False
009735,SO240174,RSS048,2024-07-01,False,,109005000,NET 30,Bundle Complete,2024-07-19,False
009987,SO240358,RSS010,2024-01-26,True,2.0,18973000,NET 30,Issued,,False
010129,SO240460,KLN057,2024-12-16,True,2.0,4442000,NET 30,Bundle Complete,2024-12-23,False
009998,SO240366,KLN066,2024-06-18,True,1.0,13793000,NET 30,Bundle Complete,2024-08-02,False
009607,SO240074,RSS070,2024-12-04,True,2.0,123523000,NET 30,Issued,,False
009944,SO240326,KLN034,2024-06-06,True,2.0,66000,NET 30,Bundle Complete,2024-07-18,False
009989,SO240360,KLN044,2024-11-12,True,1.0,29765000,NET 30,Bundle Complete,2024-11-23,False
009513,SO240009,RSP024,2024-09-18,False,,89597000,NET 45,Bundle Complete,2024-10-12,False
009691,SO240142,RSP041,2024-09-08,True,1.0,39265500,NET 45,Bundle Complete,2024-10-18,False
009783,SO240207,RSP021,2024-11-24,True,2.0,35903000,NET 45,Bundle Complete,2024-12-21,False
009530,SO240022,RSS059,2024-05-04,True,1.0,9254500,NET 30,Bundle Complete,2024-06-03,False
009670,SO240128,RSS047,2024-10-22,False,,6903500,NET 30,Bundle Complete,2024-11-28,False
009681,SO240135,RSP019,2024-09-27,True,2.0,4838000,NET 45,Bundle Complete,2024-11-03,False
009601,SO240070,RSS017,2024-07-13,False,,66957000,NET 30,Bundle Complete,2024-07-28,False
009698,SO240146,RSP008,2024-06-01,True,2.0,17938500,NET 45,Bundle Complete,2024-07-01,False
009996,SO240364,RSS052,2024-04-28,False,,8420000,NET 30,Bundle Complete,2024-06-03,False
010179,SO240498,RSS050,2024-03-26,False,,8284000,NET 30,Issued,,False
009874,SO240270,RSP023,2024-06-27,False,,134106000,NET 45,Bundle Complete,2024-08-06,False
010119,SO240454,RSS030,2024-12-02,True,1.0,45504500,NET 30,Issued,,False
009961,SO240338,RSS061,2024-09-02,True,2.0,11685500,NET 30,Bundle Complete,2024-10-07,False
009914,SO240303,RSS039,2024-09-03,True,1.0,24978000,NET 30,Bundle Complete,2024-09-25,False
009632,SO240095,RSS075,2024-09-20,False,,68989000,NET 30,Issued,,False
009540,SO240029,KLN041,2024-09-27,True,1.0,1579500,NET 30,Issued,,False
009935,SO240318,RSS067,2024-08-30,True,2.0,21079000,NET 30,Bundle Complete,2024-09-17,False
009716,SO240159,RSS053,2024-06-01,True,2.0,6796500,NET 30,Bundle Complete,2024-06-17,False
010056,SO240405,RSP025,2024-02-20,True,1.0,30810500,NET 45,Bundle Complete,2024-03-30,False
010067,SO240413,RSS008,2024-02-27,True,1.0,40052500,NET 30,Bundle Complete,2024-03-10,False
009975,SO240349,KLN060,2024-08-22,False,,8142000,NET 30,Bundle Complete,2024-10-01,False
009957,SO240336,KLN020,2024-04-19,False,,29150500,NET 30,Issued,,False
009761,SO240194,RSP039,2024-02-07,True,2.0,11596500,NET 45,Bundle Complete,2024-03-01,False
009536,SO240026,RSS036,2024-07-01,False,,84017500,NET 30,Bundle Complete,2024-07-31,False
009810,SO240227,RSS058,2024-04-19,True,2.0,4278000,NET 30,Bundle Complete,2024-06-03,False
009777,SO240204,RSS051,2024-07-16,False,,163699500,NET 30,Bundle Complete,2024-08-10,False
010123,SO240456,RSS017,2024-12-22,True,1.0,92103500,NET 30,Bundle Complete,2025-01-10,False
009894,SO240286,RSP008,2024-07-15,True,1.0,5004000,NET 45,Bundle Complete,2024-08-26,False
009608,SO240075,RSS070,2024-04-24,False,,75096000,NET 30,Bundle Complete,2024-06-01,True
010160,SO240484,RSS047,2024-12-05,False,,57225000,NET 30,Bundle Complete,2024-12-23,False
010025,SO240384,RSP013,2024-12-08,True,1.0,67162000,NET 45,Bundle Complete,2024-12-20,False
009548,SO240034,RSS038,2024-11-29,True,1.0,40719000,NET 30,Bundle Complete,2024-12-27,True
009704,SO240152,RSS046,2024-09-14,True,1.0,37401500,NET 30,Bundle Complete,2024-10-20,False
010147,SO240475,RSS042,2024-02-29,False,,50909500,NET 30,Bundle Complete,2024-04-07,False
010132,SO240462,KLN030,2024-01-16,True,1.0,4550000,NET 30,Bundle Complete,2024-02-15,False
009522,SO240017,RSP038,2024-01-19,True,1.0,20012000,NET 45,Bundle Complete,2024-02-18,False
009903,SO240294,RSP053,2024-05-08,False,,79508500,NET 45,Bundle Complete,2024-06-10,False
009584,SO240058,RSS004,2024-06-26,True,1.0,86705500,NET 30,Bundle Complete,2024-08-07,False
009631,SO240094,RSP022,2024-07-29,False,,30602000,NET 45,Bundle Complete,2024-08-15,False
009916,SO240304,RSP027,2024-02-17,True,1.0,36825500,NET 45,Issued,,False
009787,SO240211,RSS083,2024-03-04,False,,62555500,NET 30,Bundle Complete,2024-03-25,False
009624,SO240088,RSS027,2024-06-20,True,1.0,9044000,NET 30,Bundle Complete,2024-08-03,False
009534,SO240024,KLN050,2025-01-01,True,2.0,41219000,NET 30,Issued,,False
010017,SO240379,KLN031,2024-11-27,True,2.0,44694500,NET 30,Bundle Complete,2024-12-18,False
009520,SO240015,RSS010,2024-05-13,True,2.0,52113500,NET 30,Bundle Complete,2024-05-21,False
010148,SO240476,RSS063,2024-05-27,True,1.0,28404000,NET 30,Bundle Complete,2024-06-12,False
009720,SO240163,RSS029,2024-09-23,False,,11033500,NET 30,Bundle Complete,2024-10-13,False
009635,SO240098,KLN056,2024-07-31,False,,11520500,NET 30,Bundle Complete,2024-09-01,False
009982,SO240354,RSS036,2024-06-10,False,,50214500,NET 30,Bundle Complete,2024-06-17,False
009857,SO240260,KLN050,2024-10-26,True,1.0,31209000,NET 30,Bundle Complete,2024-12-02,False
009725,SO240167,RSP015,2024-01-25,False,,78504500,NET 45,Bundle Complete,2024-02-10,False
009593,SO240063,RSP012,2024-08-21,True,1.0,219566500,NET 45,Issued,,False
009652,SO240115,RSP020,2024-06-21,False,,141691000,NET 45,Bundle Complete,2024-07-07,False
010166,SO240489,RSS043,2024-10-20,True,1.0,28563500,NET 30,Bundle Complete,2024-11-06,False
009818,SO240234,KLN025,2024-03-28,False,,177217000,NET 30,Issued,,False
009949,SO240330,RSS075,2024-08-13,True,1.0,1674000,NET 30,Bundle Complete,2024-09-22,False
010023,SO240382,KLN036,2024-11-04,True,2.0,4150000,NET 30,Bundle Complete,2024-12-22,True
009780,SO240206,RSS018,2024-08-28,True,1.0,68355000,NET 30,Bundle Complete,2024-09-10,False
010084,SO240427,KLN043,2024-11-18,True,1.0,672000,NET 30,Issued,,False
010105,SO240442,RSS034,2024-11-26,False,,32948500,NET 30,Issued,,False
009850,SO240256,RSS063,2024-10-05,True,1.0,47739500,NET 30,Bundle Complete,2024-10-17,False
009875,SO240271,RSP005,2024-09-07,False,,103667500,NET 45,Bundle Complete,2024-09-17,False
009901,SO240292,KLN042,2024-12-29,False,,27137000,NET 30,Bundle Complete,2025-02-08,False
009758,SO240193,RSS072,2024-06-22,True,1.0,38566000,NET 30,Bundle Complete,2024-07-30,False
009573,SO240049,RSS056,2024-11-14,True,2.0,63497000,NET 30,Bundle Complete,2024-12-26,False
009696,SO240145,RSS075,2024-02-25,False,,15990000,NET 30,Bundle Complete,2024-03-15,False
009984,SO240356,KLN001,2024-11-12,False,,10014000,NET 30,Bundle Complete,2024-12-03,False
009638,SO240101,RSS057,2024-01-25,False,,32677500,NET 30,Bundle Complete,2024-02-20,False
009995,SO240363,RSS013,2024-04-14,True,2.0,49424000,NET 30,Bundle Complete,2024-04-21,False
010051,SO240402,RSS020,2024-12-08,True,1.0,1665500,NET 30,Issued,,False
009963,SO240340,RSS042,2024-03-05,False,,54770000,NET 30,Bundle Complete,2024-04-15,False
009702,SO240151,KLN058,2024-11-11,True,1.0,36364000,NET 30,Issued,,False
009813,SO240230,KLN038,2024-08-09,False,,91534000,NET 30,Bundle Complete,2024-09-16,False
009791,SO240214,RSS050,2024-07-07,True,2.0,3166000,NET 30,Bundle Complete,2024-07-23,False
009690,SO240141,KLN046,2024-04-14,False,,79779000,NET 30,Bundle Complete,2024-04-21,False
009613,SO240079,RSS011,2024-03-27,True,1.0,89003000,NET 30,Bundle Complete,2024-04-09,False
009684,SO240137,RSP003,2024-06-30,True,1.0,48961000,NET 45,Bundle Complete,2024-07-26,False
009653,SO240116,KLN062,2024-07-31,False,,29812000,NET 30,Bundle Complete,2024-08-15,False
009826,SO240238,RSS056,2024-11-13,True,2.0,18140000,NET 30,Bundle Complete,2024-12-11,False
009545,SO240032,RSS067,2024-03-30,True,2.0,2873000,NET 30,Bundle Complete,2024-04-25,False
009945,SO240327,KLN044,2024-12-28,False,,314897500,NET 30,Issued,,False
009507,SO240004,RSS050,2024-06-01,True,2.0,17449000,NET 30,Bundle Complete,2024-06-26,False
009751,SO240189,RSS082,2024-04-18,True,1.0,6353000,NET 30,Bundle Complete,2024-04-25,False
009576,SO240051,KLN067,2024-05-28,True,1.0,549000,NET 30,Bundle Complete,2024-07-10,False
010013,SO240377,KLN015,2024-10-04,True,1.0,24475000,NET 30,Bundle Complete,2024-10-19,False
009892,SO240284,RSP041,2024-01-09,False,,84832000,NET 45,Bundle Complete,2024-01-26,False
009933,SO240317,RSS059,2024-09-09,False,,64135000,NET 30,Bundle Complete,2024-09-21,True
009569,SO240046,KLN054,2024-05-03,True,2.0,73096000,NET 30,Bundle Complete,2024-06-14,False
009668,SO240127,KLN028,2024-01-12,True,1.0,8993000,NET 30,Bundle Complete,2024-01-24,False
010055,SO240404,KLN003,2024-02-10,True,2.0,7290000,NET 30,Issued,,False
009867,SO240266,KLN067,2024-08-22,True,1.0,23842500,NET 30,Bundle Complete,2024-10-05,True
009846,SO240253,KLN068,2024-11-15,True,2.0,14864000,NET 30,Bundle Complete,2024-12-12,False
010085,SO240427,KLN043,2024-11-20,True,2.0,864000,NET 30,Bundle Complete,2024-12-04,False
010036,SO240392,RSS011,2024-04-25,False,,0,NET 30,Bundle Complete,2024-05-20,True
009899,SO240290,KLN022,2024-04-04,False,,36384500,NET 30,Bundle Complete,2024-05-10,False
009686,SO240138,KLN055,2024-12-06,False,,13717500,NET 30,Bundle Complete,2025-01-07,False
009849,SO240255,RSS042,2024-08-16,True,2.0,330000,NET 30,Bundle Complete,2024-09-23,False
010116,SO240452,KLN041,2024-03-31,False,,20074500,NET 30,Bundle Complete,2024-05-01,False
009712,SO240157,RSS016,2024-01-30,True,1.0,4219000,NET 30,Issued,,False
010080,SO240422,RSP047,2024-01-07,True,2.0,14841000,NET 45,Bundle Complete,2024-02-08,False
010003,SO240370,RSP039,2024-10-21,False,,47912000,NET 45,Bundle Complete,2024-11-26,False
010038,SO240393,KLN014,2024-10-23,True,2.0,90713000,NET 30,Issued,,False
009697,SO240146,RSP008,2024-06-03,True,1.0,30554000,NET 45,Issued,,True
009676,SO240132,RSS074,2024-08-03,False,,25622500,NET 30,Bundle Complete,2024-09-15,False
