so_id,no_urut,sku_id,nama_produk,qty_ordered,unit_price,subtotal
SO240001,1,B006,Klem Arteri Bengkok,79,160000,12640000
SO240001,2,R011,Selimut Pasien Rumah Sakit,74,70000,5180000
SO240001,3,C014,IV Catheter 22G,40,205000,8200000
SO240001,4,B011,Handscoon Steril 6.5,90,311500,28035000
SO240002,1,D008,Rapid Test HIV,82,423000,34686000
SO240002,2,C014,IV Catheter 22G,132,237500,31350000
SO240002,3,C006,Infus Set Anak,97,9500,921500
SO240002,4,B004,Pinset Bedah 14cm,23,56500,1299500
SO240002,5,D003,Pulse Oximeter,132,210000,27720000
SO240003,1,C020,Spalk Lengan Anak,165,30000,4950000
SO240003,2,R012,Sarung Bantal Pasien,168,27500,4620000
SO240003,3,L004,Holder Vacutainer,143,105000,15015000
SO240003,4,B011,Handscoon Steril 6.5,125,396000,49500000
SO240004,1,C011,Syringe 20ml,189,88000,16632000
SO240004,2,L002,Tabung Vacutainer Plain,126,149500,18837000
SO240004,3,C009,Syringe 5ml,185,57500,10637500
SO240005,1,B013,Handscoon Steril 7.5,163,290500,47351500
SO240006,1,C001,Masker Bedah 3-Ply,130,52000,6760000
SO240006,2,D001,Tensimeter Digital Lengan,176,466000,82016000
SO240007,1,B014,Duk Operasi 80x90cm,94,48500,4559000
SO240007,2,C010,Syringe 10ml,187,71000,13277000
SO240008,1,R001,Kursi Roda Standar,170,2127000,361590000
SO240008,2,B009,Benang Catgut 2-0,23,303500,6980500
SO240008,3,C006,Infus Set Anak,78,12500,975000
SO240008,4,D012,Stethoscope Dewasa,43,255500,10986500
SO240009,1,C020,Spalk Lengan Anak,130,24000,3120000
SO240009,2,R005,Bantal Angin Anti Decubitus,126,324500,40887000
SO240009,3,R007,Tiang Infus Stainless 5-Roda,47,651000,30597000
SO240009,4,C012,IV Catheter 18G,58,258500,14993000
SO240010,1,D004,Termometer Digital Axilla,158,88000,13904000
SO240010,2,L008,Pot Urine 60ml Bertutup,135,126500,17077500
SO240010,3,D008,Rapid Test HIV,48,417000,20016000
SO240010,4,B010,Benang Silk 3-0,147,327000,48069000
SO240010,5,B007,Skalpel Handle No.3,98,82000,8036000
SO240011,1,C019,NGT 16Fr,108,29000,3132000
SO240011,2,B012,Handscoon Steril 7.0,176,320000,56320000
SO240011,3,C008,Syringe 3ml,136,46000,6256000
SO240011,4,C010,Syringe 10ml,42,71500,3003000
SO240012,1,R008,Bedpan Plastik Dewasa,182,42500,7735000
SO240012,2,L005,Jarum Vacutainer 21G,107,161500,17280500
SO240012,3,D013,Stethoscope Anak,170,388500,66045000
SO240013,1,B014,Duk Operasi 80x90cm,123,40500,4981500
SO240014,1,B008,Blade Skalpel No.10,53,113000,5989000
SO240014,2,R012,Sarung Bantal Pasien,30,40000,1200000
SO240015,1,D005,Termometer Infrared,83,209000,17347000
SO240015,2,D001,Tensimeter Digital Lengan,149,391500,58333500
SO240015,3,R004,Walker Lipat Dewasa,28,581500,16282000
SO240015,4,D004,Termometer Digital Axilla,98,83500,8183000
SO240016,1,B002,Gunting Bedah Bengkok 14cm,83,110000,9130000
SO240016,2,B010,Benang Silk 3-0,165,292500,48262500
SO240016,3,R002,Kursi Roda Lipat Ringan,66,2835000,187110000
SO240016,4,C002,Sarung Tangan Nitril S,58,160500,9309000
SO240017,1,B012,Handscoon Steril 7.0,33,357500,11797500
SO240017,2,D005,Termometer Infrared,93,218000,20274000
SO240018,1,R003,Tongkat Ketiak Aluminium,13,219500,2853500
SO240018,2,B005,Klem Arteri Lurus,147,136000,19992000
SO240018,3,B014,Duk Operasi 80x90cm,126,47000,5922000
SO240018,4,L006,Slide Kaca 76x26mm,182,109000,19838000
SO240019,1,C007,Syringe 1ml,39,48000,1872000
SO240019,2,B013,Handscoon Steril 7.5,70,421000,29470000
SO240019,3,D013,Stethoscope Anak,44,302000,13288000
SO240019,4,R010,Baju Pasien Dewasa,126,59500,7497000
SO240020,1,B004,Pinset Bedah 14cm,58,48000,2784000
SO240020,2,C003,Sarung Tangan Nitril M,126,126000,15876000
SO240020,3,L010,Objek Glass Frosted,179,79000,14141000
SO240021,1,L009,Pot Sputum 50ml Bertutup,38,118500,4503000
SO240021,2,B002,Gunting Bedah Bengkok 14cm,16,97500,1560000
SO240022,1,R008,Bedpan Plastik Dewasa,77,26500,2040500
SO240022,2,D008,Rapid Test HIV,42,494500,20769000
SO240023,1,R010,Baju Pasien Dewasa,135,64000,8640000
SO240024,1,B010,Benang Silk 3-0,145,277500,40237500
SO240024,2,R012,Sarung Bantal Pasien,126,36500,4599000
SO240024,3,L007,Cover Glass 18x18mm,164,73000,11972000
SO240024,4,C002,Sarung Tangan Nitril S,35,172000,6020000
SO240024,5,B002,Gunting Bedah Bengkok 14cm,189,95000,17955000
SO240025,1,R013,Perlak Waterproof 90x180cm,43,326000,14018000
SO240025,2,B004,Pinset Bedah 14cm,25,78500,1962500
SO240025,3,D015,Penlight Diagnostik,153,46500,7114500
SO240026,1,R007,Tiang Infus Stainless 5-Roda,49,794500,38930500
SO240026,2,B012,Handscoon Steril 7.0,133,339000,45087000
SO240027,1,C014,IV Catheter 22G,16,260000,4160000
SO240027,2,R001,Kursi Roda Standar,178,1761000,313458000
SO240027,3,C016,Kassa Steril 10x10cm,17,36000,612000
SO240027,4,L006,Slide Kaca 76x26mm,79,106000,8374000
SO240027,5,B005,Klem Arteri Lurus,89,164500,14640500
SO240028,1,L009,Pot Sputum 50ml Bertutup,126,97500,12285000
SO240028,2,C001,Masker Bedah 3-Ply,50,47000,2350000
SO240028,3,D006,Rapid Test Antigen,89,539000,47971000
SO240028,4,C008,Syringe 3ml,93,70500,6556500
SO240029,1,C006,Infus Set Anak,111,13000,1443000
SO240029,2,C008,Syringe 3ml,24,45500,1092000
SO240030,1,D002,Tensimeter Manual Dewasa,113,152500,17232500
SO240031,1,L010,Objek Glass Frosted,111,85500,9490500
SO240032,1,B007,Skalpel Handle No.3,55,110500,6077500
SO240033,1,D001,Tensimeter Digital Lengan,83,370000,30710000
SO240033,2,L004,Holder Vacutainer,175,136500,23887500
SO240033,3,R001,Kursi Roda Standar,33,2490000,82170000
SO240034,1,B004,Pinset Bedah 14cm,122,74500,9089000
SO240034,2,R011,Selimut Pasien Rumah Sakit,143,95000,13585000
SO240034,3,D006,Rapid Test Antigen,50,445500,22275000
SO240034,4,D012,Stethoscope Dewasa,105,254000,26670000
SO240035,1,R003,Tongkat Ketiak Aluminium,33,319500,10543500
SO240035,2,D005,Termometer Infrared,181,175500,31765500
SO240035,3,C001,Masker Bedah 3-Ply,140,47000,6580000
SO240035,4,B005,Klem Arteri Lurus,14,167500,2345000
SO240035,5,L001,Tabung Vacutainer EDTA,89,173500,15441500
SO240036,1,D015,Penlight Diagnostik,19,47000,893000
SO240036,2,D011,Urine Stick 10 Parameter,168,234500,39396000
SO240036,3,B012,Handscoon Steril 7.0,162,379000,61398000
SO240036,4,D002,Tensimeter Manual Dewasa,49,171500,8403500
SO240036,5,B002,Gunting Bedah Bengkok 14cm,56,101500,5684000
SO240037,1,L010,Objek Glass Frosted,59,89000,5251000
SO240037,2,D012,Stethoscope Dewasa,183,329500,60298500
SO240037,3,R006,Kasur Angin Anti Decubitus,122,1334000,162748000
SO240037,4,C007,Syringe 1ml,82,70500,5781000
SO240038,1,B009,Benang Catgut 2-0,105,312000,32760000
SO240038,2,C017,Urine Bag 2000ml,108,12500,1350000
SO240038,3,B001,Gunting Bedah Lurus 14cm,105,109500,11497500
SO240038,4,D010,Strip Gula Darah,17,162000,2754000
SO240038,5,C011,Syringe 20ml,35,87500,3062500
SO240039,1,C017,Urine Bag 2000ml,117,17000,1989000
SO240039,2,D003,Pulse Oximeter,169,300000,50700000
SO240040,1,C002,Sarung Tangan Nitril S,21,161500,3391500
SO240040,2,R013,Perlak Waterproof 90x180cm,109,278000,30302000
SO240040,3,C005,Infus Set Dewasa,74,14000,1036000
SO240040,4,L005,Jarum Vacutainer 21G,14,167000,2338000
SO240041,1,D008,Rapid Test HIV,61,311000,18971000
SO240042,1,D005,Termometer Infrared,104,241000,25064000
SO240042,2,C017,Urine Bag 2000ml,142,14000,1988000
SO240042,3,D002,Tensimeter Manual Dewasa,31,245500,7610500
SO240042,4,B012,Handscoon Steril 7.0,118,300500,35459000
SO240043,1,B013,Handscoon Steril 7.5,20,372500,7450000
SO240043,2,C020,Spalk Lengan Anak,167,27000,4509000
SO240043,3,L004,Holder Vacutainer,80,122000,9760000
SO240043,4,D009,Glukometer Set,24,269500,6468000
SO240044,1,B013,Handscoon Steril 7.5,102,380500,38811000
SO240044,2,R002,Kursi Roda Lipat Ringan,155,1568000,243040000
SO240044,3,R003,Tongkat Ketiak Aluminium,164,190000,31160000
SO240045,1,D015,Penlight Diagnostik,61,33000,2013000
SO240045,2,C005,Infus Set Dewasa,44,15000,660000
SO240045,3,C019,NGT 16Fr,28,25500,714000
SO240045,4,C003,Sarung Tangan Nitril M,54,179000,9666000
SO240046,1,C009,Syringe 5ml,156,62000,9672000
SO240046,2,B002,Gunting Bedah Bengkok 14cm,129,97000,12513000
SO240046,3,D007,Rapid Test HbsAg,166,302500,50215000
SO240046,4,D014,Timbangan Bayi Digital,26,512000,13312000
SO240046,5,D013,Stethoscope Anak,111,388000,43068000
SO240047,1,R004,Walker Lipat Dewasa,49,509500,24965500
SO240047,2,B015,Bisturi Elektrik Disposable,52,141000,7332000
SO240047,3,D011,Urine Stick 10 Parameter,92,259000,23828000
SO240047,4,D009,Glukometer Set,98,386000,37828000
SO240047,5,R005,Bantal Angin Anti Decubitus,82,200500,16441000
SO240048,1,D008,Rapid Test HIV,49,345000,16905000
SO240048,2,D012,Stethoscope Dewasa,178,343500,61143000
SO240048,3,R001,Kursi Roda Standar,194,2469000,478986000
SO240048,4,R013,Perlak Waterproof 90x180cm,96,327500,31440000
SO240048,5,C008,Syringe 3ml,20,72000,1440000
SO240049,1,B011,Handscoon Steril 6.5,84,448500,37674000
SO240049,2,B003,Pinset Anatomis 14cm,87,71500,6220500
SO240049,3,B009,Benang Catgut 2-0,72,356500,25668000
SO240049,4,D009,Glukometer Set,86,369000,31734000
SO240049,5,D012,Stethoscope Dewasa,28,360500,10094000
SO240050,1,C007,Syringe 1ml,167,58500,9769500
SO240050,2,R011,Selimut Pasien Rumah Sakit,73,65500,4781500
SO240050,3,C010,Syringe 10ml,93,74000,6882000
SO240050,4,L007,Cover Glass 18x18mm,194,65500,12707000
SO240051,1,C005,Infus Set Dewasa,120,9000,1080000
SO240052,1,D001,Tensimeter Digital Lengan,164,483500,79294000
SO240052,2,R010,Baju Pasien Dewasa,112,68000,7616000
SO240053,1,C010,Syringe 10ml,51,68000,3468000
SO240053,2,C017,Urine Bag 2000ml,167,18000,3006000
SO240053,3,L007,Cover Glass 18x18mm,86,84000,7224000
SO240054,1,D002,Tensimeter Manual Dewasa,162,212000,34344000
SO240055,1,R001,Kursi Roda Standar,47,1708000,80276000
SO240055,2,B002,Gunting Bedah Bengkok 14cm,18,94500,1701000
SO240055,3,D010,Strip Gula Darah,58,122500,7105000
SO240055,4,C006,Infus Set Anak,122,10500,1281000
SO240056,1,B005,Klem Arteri Lurus,93,207000,19251000
SO240056,2,B003,Pinset Anatomis 14cm,132,74500,9834000
SO240056,3,D006,Rapid Test Antigen,106,432000,45792000
SO240056,4,C002,Sarung Tangan Nitril S,54,150000,8100000
SO240056,5,R010,Baju Pasien Dewasa,146,57500,8395000
SO240057,1,D012,Stethoscope Dewasa,186,365000,67890000
SO240057,2,B013,Handscoon Steril 7.5,135,363000,49005000
SO240058,1,R006,Kasur Angin Anti Decubitus,192,933000,179136000
SO240058,2,C017,Urine Bag 2000ml,98,19500,1911000
SO240058,3,C008,Syringe 3ml,123,66500,8179500
SO240059,1,B012,Handscoon Steril 7.0,150,321500,48225000
SO240060,1,B011,Handscoon Steril 6.5,54,389500,21033000
SO240061,1,B013,Handscoon Steril 7.5,94,322500,30315000
SO240062,1,C013,IV Catheter 20G,78,223000,17394000
SO240062,2,B006,Klem Arteri Bengkok,87,196500,17095500
SO240062,3,R007,Tiang Infus Stainless 5-Roda,195,750500,146347500
SO240062,4,R004,Walker Lipat Dewasa,12,487000,5844000
SO240063,1,R008,Bedpan Plastik Dewasa,130,50000,6500000
SO240063,2,L009,Pot Sputum 50ml Bertutup,147,127500,18742500
SO240063,3,B009,Benang Catgut 2-0,180,307500,55350000
SO240063,4,R002,Kursi Roda Lipat Ringan,73,2927000,213671000
SO240063,5,R005,Bantal Angin Anti Decubitus,162,201500,32643000
SO240064,1,L003,Tabung Vacutainer Citrate,154,175000,26950000
SO240064,2,D009,Glukometer Set,153,371000,56763000
SO240064,3,L007,Cover Glass 18x18mm,182,65000,11830000
SO240064,4,R013,Perlak Waterproof 90x180cm,195,185500,36172500
SO240065,1,C013,IV Catheter 20G,105,230000,24150000
SO240065,2,R006,Kasur Angin Anti Decubitus,124,1762000,218488000
SO240065,3,B005,Klem Arteri Lurus,106,169000,17914000
SO240065,4,C005,Infus Set Dewasa,30,13500,405000
SO240066,1,R008,Bedpan Plastik Dewasa,86,40000,3440000
SO240067,1,D002,Tensimeter Manual Dewasa,167,250500,41833500
SO240067,2,R006,Kasur Angin Anti Decubitus,14,1102500,15435000
SO240067,3,C001,Masker Bedah 3-Ply,62,37000,2294000
SO240067,4,B002,Gunting Bedah Bengkok 14cm,35,84500,2957500
SO240068,1,B003,Pinset Anatomis 14cm,69,78000,5382000
SO240068,2,R009,Urinal Pria Plastik,91,39000,3549000
SO240068,3,D004,Termometer Digital Axilla,163,89000,14507000
SO240069,1,L009,Pot Sputum 50ml Bertutup,170,119500,20315000
SO240069,2,R006,Kasur Angin Anti Decubitus,119,1433000,170527000
SO240070,1,C006,Infus Set Anak,71,15000,1065000
SO240070,2,R003,Tongkat Ketiak Aluminium,67,229000,15343000
SO240070,3,B006,Klem Arteri Bengkok,191,139000,26549000
SO240070,4,C014,IV Catheter 22G,128,187500,24000000
SO240071,1,C016,Kassa Steril 10x10cm,23,39000,897000
SO240071,2,D003,Pulse Oximeter,106,338500,35881000
SO240072,1,L006,Slide Kaca 76x26mm,199,67500,13432500
SO240072,2,C005,Infus Set Dewasa,132,10000,1320000
SO240073,1,R004,Walker Lipat Dewasa,14,486500,6811000
SO240073,2,D010,Strip Gula Darah,151,196500,29671500
SO240074,1,C019,NGT 16Fr,195,28500,5557500
SO240074,2,D008,Rapid Test HIV,199,428500,85271500
SO240074,3,B007,Skalpel Handle No.3,127,71000,9017000
SO240074,4,D001,Tensimeter Digital Lengan,197,558500,110024500
SO240075,1,B011,Handscoon Steril 6.5,168,447000,75096000
SO240076,1,C014,IV Catheter 22G,37,192500,7122500
SO240076,2,L005,Jarum Vacutainer 21G,144,139500,20088000
SO240077,1,L002,Tabung Vacutainer Plain,86,229500,19737000
SO240077,2,D005,Termometer Infrared,30,205500,6165000
SO240078,1,L001,Tabung Vacutainer EDTA,121,234500,28374500
SO240078,2,R009,Urinal Pria Plastik,94,38500,3619000
SO240078,3,C007,Syringe 1ml,34,74500,2533000
SO240078,4,D005,Termometer Infrared,145,240500,34872500
SO240079,1,L002,Tabung Vacutainer Plain,183,257500,47122500
SO240079,2,B015,Bisturi Elektrik Disposable,148,163500,24198000
SO240079,3,C010,Syringe 10ml,108,80000,8640000
SO240079,4,B012,Handscoon Steril 7.0,199,316500,62983500
SO240080,1,R001,Kursi Roda Standar,168,1819500,305676000
SO240081,1,D008,Rapid Test HIV,88,416500,36652000
SO240082,1,L001,Tabung Vacutainer EDTA,185,200000,37000000
SO240082,2,B011,Handscoon Steril 6.5,53,316500,16774500
SO240083,1,B005,Klem Arteri Lurus,162,201000,32562000
SO240083,2,B003,Pinset Anatomis 14cm,60,70000,4200000
SO240083,3,R013,Perlak Waterproof 90x180cm,37,215500,7973500
SO240083,4,C020,Spalk Lengan Anak,87,20000,1740000
SO240084,1,C015,Plester Luka 5x10cm,132,30000,3960000
SO240084,2,C002,Sarung Tangan Nitril S,55,146000,8030000
SO240085,1,C013,IV Catheter 20G,161,251500,40491500
SO240085,2,C015,Plester Luka 5x10cm,56,36000,2016000
SO240086,1,C009,Syringe 5ml,71,58500,4153500
SO240086,2,B012,Handscoon Steril 7.0,178,320500,57049000
SO240086,3,B003,Pinset Anatomis 14cm,193,67500,13027500
SO240087,1,D008,Rapid Test HIV,189,440500,83254500
SO240087,2,L010,Objek Glass Frosted,162,107000,17334000
SO240087,3,R003,Tongkat Ketiak Aluminium,31,178500,5533500
SO240088,1,D012,Stethoscope Dewasa,76,238000,18088000
SO240089,1,C014,IV Catheter 22G,34,237500,8075000
SO240089,2,L006,Slide Kaca 76x26mm,194,105500,20467000
SO240089,3,B015,Bisturi Elektrik Disposable,125,162000,20250000
SO240089,4,R010,Baju Pasien Dewasa,27,54500,1471500
SO240090,1,C004,Sarung Tangan Nitril L,153,148000,22644000
SO240090,2,D011,Urine Stick 10 Parameter,128,261000,33408000
SO240090,3,D005,Termometer Infrared,113,202500,22882500
SO240091,1,C006,Infus Set Anak,57,11000,627000
SO240091,2,D001,Tensimeter Digital Lengan,93,401500,37339500
SO240091,3,C015,Plester Luka 5x10cm,127,27000,3429000
SO240091,4,B006,Klem Arteri Bengkok,77,208000,16016000
SO240091,5,C017,Urine Bag 2000ml,135,16500,2227500
SO240092,1,R013,Perlak Waterproof 90x180cm,31,215000,6665000
SO240092,2,C007,Syringe 1ml,90,49000,4410000
SO240092,3,D005,Termometer Infrared,71,160000,11360000
SO240092,4,R002,Kursi Roda Lipat Ringan,39,1884000,73476000
SO240092,5,D015,Penlight Diagnostik,105,34500,3622500
SO240093,1,C008,Syringe 3ml,57,55500,3163500
SO240093,2,C010,Syringe 10ml,125,75500,9437500
SO240094,1,L008,Pot Urine 60ml Bertutup,135,81000,10935000
SO240094,2,D001,Tensimeter Digital Lengan,31,498000,15438000
SO240094,3,C009,Syringe 5ml,17,76000,1292000
SO240094,4,C001,Masker Bedah 3-Ply,66,44500,2937000
SO240095,1,C001,Masker Bedah 3-Ply,149,47000,7003000
SO240095,2,C013,IV Catheter 20G,148,185500,27454000
SO240095,3,B006,Klem Arteri Bengkok,194,178000,34532000
SO240096,1,C006,Infus Set Anak,122,9000,1098000
SO240097,1,C007,Syringe 1ml,99,62500,6187500
SO240097,2,R007,Tiang Infus Stainless 5-Roda,81,763000,61803000
SO240097,3,C008,Syringe 3ml,147,50500,7423500
SO240097,4,L001,Tabung Vacutainer EDTA,92,278500,25622000
SO240097,5,R012,Sarung Bantal Pasien,190,29500,5605000
SO240098,1,C015,Plester Luka 5x10cm,189,39000,7371000
SO240098,2,L004,Holder Vacutainer,43,96500,4149500
SO240099,1,C019,NGT 16Fr,113,26500,2994500
SO240100,1,B008,Blade Skalpel No.10,26,142000,3692000
SO240100,2,C007,Syringe 1ml,65,59000,3835000
SO240100,3,C010,Syringe 10ml,64,71000,4544000
SO240101,1,B005,Klem Arteri Lurus,14,136500,1911000
SO240101,2,B001,Gunting Bedah Lurus 14cm,50,138000,6900000
SO240101,3,B006,Klem Arteri Bengkok,126,120000,15120000
SO240101,4,B007,Skalpel Handle No.3,119,73500,8746500
SO240102,1,B002,Gunting Bedah Bengkok 14cm,23,132000,3036000
SO240102,2,B003,Pinset Anatomis 14cm,170,60000,10200000
SO240103,1,B008,Blade Skalpel No.10,12,91000,1092000
SO240103,2,B010,Benang Silk 3-0,188,290000,54520000
SO240103,3,C007,Syringe 1ml,40,73000,2920000
SO240103,4,L003,Tabung Vacutainer Citrate,118,194500,22951000
SO240104,1,R009,Urinal Pria Plastik,27,37500,1012500
SO240104,2,R011,Selimut Pasien Rumah Sakit,154,55500,8547000
SO240105,1,L009,Pot Sputum 50ml Bertutup,41,113500,4653500
SO240105,2,R012,Sarung Bantal Pasien,196,32500,6370000
SO240106,1,B009,Benang Catgut 2-0,62,385500,23901000
SO240106,2,R011,Selimut Pasien Rumah Sakit,165,88500,14602500
SO240106,3,R009,Urinal Pria Plastik,58,33000,1914000
SO240107,1,R006,Kasur Angin Anti Decubitus,43,1255500,53986500
SO240107,2,R009,Urinal Pria Plastik,155,34000,5270000
SO240107,3,B003,Pinset Anatomis 14cm,103,76000,7828000
SO240108,1,D007,Rapid Test HbsAg,173,420500,72746500
SO240109,1,C011,Syringe 20ml,196,87500,17150000
SO240109,2,R007,Tiang Infus Stainless 5-Roda,71,480500,34115500
SO240109,3,D007,Rapid Test HbsAg,72,302500,21780000
SO240109,4,L009,Pot Sputum 50ml Bertutup,121,82500,9982500
SO240110,1,R013,Perlak Waterproof 90x180cm,144,196500,28296000
SO240110,2,L004,Holder Vacutainer,77,126500,9740500
SO240110,3,R003,Tongkat Ketiak Aluminium,157,314500,49376500
SO240111,1,R008,Bedpan Plastik Dewasa,199,41500,8258500
SO240111,2,C012,IV Catheter 18G,10,186000,1860000
SO240112,1,R004,Walker Lipat Dewasa,73,568000,41464000
SO240112,2,D004,Termometer Digital Axilla,194,66000,12804000
SO240112,3,D003,Pulse Oximeter,79,200500,15839500
SO240113,1,B013,Handscoon Steril 7.5,93,302500,28132500
SO240113,2,L006,Slide Kaca 76x26mm,151,90000,13590000
SO240113,3,C002,Sarung Tangan Nitril S,12,144000,1728000
SO240114,1,R002,Kursi Roda Lipat Ringan,16,1988500,31816000
SO240114,2,C014,IV Catheter 22G,148,225500,33374000
SO240114,3,C010,Syringe 10ml,172,82500,14190000
SO240114,4,C009,Syringe 5ml,187,78500,14679500
SO240115,1,D012,Stethoscope Dewasa,198,370500,73359000
SO240115,2,B011,Handscoon Steril 6.5,88,307000,27016000
SO240115,3,D014,Timbangan Bayi Digital,62,628000,38936000
SO240115,4,R012,Sarung Bantal Pasien,70,34000,2380000
SO240116,1,D001,Tensimeter Digital Lengan,31,502000,15562000
SO240116,2,L006,Slide Kaca 76x26mm,34,93000,3162000
SO240116,3,B007,Skalpel Handle No.3,44,102000,4488000
SO240116,4,R011,Selimut Pasien Rumah Sakit,110,60000,6600000
SO240117,1,D004,Termometer Digital Axilla,69,50000,3450000
SO240117,2,C014,IV Catheter 22G,61,198000,12078000
SO240117,3,D011,Urine Stick 10 Parameter,159,228500,36331500
SO240118,1,B013,Handscoon Steril 7.5,152,424000,64448000
SO240118,2,C004,Sarung Tangan Nitril L,73,126000,9198000
SO240118,3,C011,Syringe 20ml,128,63500,8128000
SO240118,4,B011,Handscoon Steril 6.5,45,312000,14040000
SO240119,1,B015,Bisturi Elektrik Disposable,105,210000,22050000
SO240119,2,D006,Rapid Test Antigen,171,519000,88749000
SO240119,3,R012,Sarung Bantal Pasien,31,39000,1209000
SO240119,4,D010,Strip Gula Darah,160,154000,24640000
SO240120,1,B012,Handscoon Steril 7.0,64,329000,21056000
SO240120,2,B011,Handscoon Steril 6.5,80,353500,28280000
SO240120,3,L002,Tabung Vacutainer Plain,124,256000,31744000
SO240121,1,C012,IV Catheter 18G,61,249000,15189000
SO240121,2,B002,Gunting Bedah Bengkok 14cm,73,82500,6022500
SO240121,3,C014,IV Catheter 22G,107,227000,24289000
SO240121,4,D013,Stethoscope Anak,132,342500,45210000
SO240122,1,R013,Perlak Waterproof 90x180cm,100,225500,22550000
SO240122,2,B008,Blade Skalpel No.10,55,121000,6655000
SO240122,3,D011,Urine Stick 10 Parameter,161,283500,45643500
SO240122,4,B015,Bisturi Elektrik Disposable,198,211500,41877000
SO240123,1,L009,Pot Sputum 50ml Bertutup,19,81000,1539000
SO240123,2,D014,Timbangan Bayi Digital,24,472000,11328000
SO240123,3,B015,Bisturi Elektrik Disposable,164,148500,24354000
SO240123,4,R001,Kursi Roda Standar,15,2304000,34560000
SO240124,1,R008,Bedpan Plastik Dewasa,173,41000,7093000
SO240124,2,C001,Masker Bedah 3-Ply,176,45500,8008000
SO240124,3,C002,Sarung Tangan Nitril S,54,166500,8991000
SO240124,4,B004,Pinset Bedah 14cm,153,63500,9715500
SO240125,1,B004,Pinset Bedah 14cm,18,52000,936000
SO240125,2,B011,Handscoon Steril 6.5,164,363500,59614000
SO240125,3,R007,Tiang Infus Stainless 5-Roda,166,566000,93956000
SO240125,4,R005,Bantal Angin Anti Decubitus,173,328500,56830500
SO240125,5,B001,Gunting Bedah Lurus 14cm,36,145000,5220000
SO240126,1,R007,Tiang Infus Stainless 5-Roda,52,667000,34684000
SO240126,2,L010,Objek Glass Frosted,136,90000,12240000
SO240126,3,D006,Rapid Test Antigen,99,493000,48807000
SO240126,4,D002,Tensimeter Manual Dewasa,106,163500,17331000
SO240127,1,D014,Timbangan Bayi Digital,28,529000,14812000
SO240128,1,R013,Perlak Waterproof 90x180cm,23,274500,6313500
SO240128,2,C008,Syringe 3ml,10,59000,590000
SO240129,1,D012,Stethoscope Dewasa,130,308000,40040000
SO240129,2,B002,Gunting Bedah Bengkok 14cm,179,114500,20495500
SO240129,3,C003,Sarung Tangan Nitril M,33,162000,5346000
SO240129,4,C017,Urine Bag 2000ml,149,15000,2235000
SO240130,1,D009,Glukometer Set,117,390500,45688500
SO240130,2,C008,Syringe 3ml,185,73500,13597500
SO240130,3,B014,Duk Operasi 80x90cm,131,54000,7074000
SO240130,4,C009,Syringe 5ml,70,65500,4585000
SO240130,5,R012,Sarung Bantal Pasien,86,22500,1935000
SO240131,1,B004,Pinset Bedah 14cm,64,52500,3360000
SO240131,2,B007,Skalpel Handle No.3,42,63000,2646000
SO240132,1,R011,Selimut Pasien Rumah Sakit,155,93500,14492500
SO240132,2,C008,Syringe 3ml,159,70000,11130000
SO240133,1,L006,Slide Kaca 76x26mm,165,91000,15015000
SO240133,2,D003,Pulse Oximeter,19,225000,4275000
SO240133,3,R007,Tiang Infus Stainless 5-Roda,80,661500,52920000
SO240133,4,D009,Glukometer Set,46,412000,18952000
SO240133,5,B003,Pinset Anatomis 14cm,165,66500,10972500
SO240134,1,D013,Stethoscope Anak,188,379500,71346000
SO240134,2,R011,Selimut Pasien Rumah Sakit,35,70000,2450000
SO240134,3,C008,Syringe 3ml,44,55000,2420000
SO240134,4,D008,Rapid Test HIV,200,416000,83200000
SO240135,1,B008,Blade Skalpel No.10,61,97500,5947500
SO240135,2,L006,Slide Kaca 76x26mm,73,62000,4526000
SO240136,1,B010,Benang Silk 3-0,22,242500,5335000
SO240136,2,D003,Pulse Oximeter,156,236000,36816000
SO240136,3,C001,Masker Bedah 3-Ply,66,42500,2805000
SO240136,4,D012,Stethoscope Dewasa,183,234000,42822000
SO240137,1,B002,Gunting Bedah Bengkok 14cm,87,148000,12876000
SO240137,2,D003,Pulse Oximeter,169,284000,47996000
SO240137,3,C004,Sarung Tangan Nitril L,159,126500,20113500
SO240137,4,D005,Termometer Infrared,11,187000,2057000
SO240138,1,L007,Cover Glass 18x18mm,177,77500,13717500
SO240139,1,C001,Masker Bedah 3-Ply,181,46500,8416500
SO240139,2,C005,Infus Set Dewasa,139,10500,1459500
SO240139,3,B015,Bisturi Elektrik Disposable,53,206000,10918000
SO240139,4,C014,IV Catheter 22G,152,203500,30932000
SO240140,1,C016,Kassa Steril 10x10cm,200,40000,8000000
SO240140,2,C008,Syringe 3ml,117,71000,8307000
SO240141,1,R009,Urinal Pria Plastik,127,24500,3111500
SO240141,2,L008,Pot Urine 60ml Bertutup,90,126500,11385000
SO240141,3,D007,Rapid Test HbsAg,193,327500,63207500
SO240141,4,C020,Spalk Lengan Anak,30,28000,840000
SO240141,5,C005,Infus Set Dewasa,95,13000,1235000
SO240142,1,L007,Cover Glass 18x18mm,172,73000,12556000
SO240142,2,B015,Bisturi Elektrik Disposable,113,176000,19888000
SO240142,3,L001,Tabung Vacutainer EDTA,132,200000,26400000
SO240142,4,C020,Spalk Lengan Anak,11,20500,225500
SO240143,1,C011,Syringe 20ml,162,77000,12474000
SO240143,2,R001,Kursi Roda Standar,96,2109500,202512000
SO240143,3,B013,Handscoon Steril 7.5,185,315000,58275000
SO240143,4,C001,Masker Bedah 3-Ply,97,51000,4947000
SO240143,5,D012,Stethoscope Dewasa,101,376500,38026500
SO240144,1,B004,Pinset Bedah 14cm,106,57000,6042000
SO240145,1,C014,IV Catheter 22G,82,195000,15990000
SO240146,1,C011,Syringe 20ml,63,82500,5197500
SO240146,2,B002,Gunting Bedah Bengkok 14cm,133,123500,16425500
SO240146,3,R004,Walker Lipat Dewasa,70,351500,24605000
SO240146,4,D009,Glukometer Set,13,426000,5538000
SO240147,1,D013,Stethoscope Anak,94,293500,27589000
SO240147,2,B009,Benang Catgut 2-0,122,413000,50386000
SO240148,1,B001,Gunting Bedah Lurus 14cm,117,102000,11934000
SO240148,2,C004,Sarung Tangan Nitril L,38,128500,4883000
SO240148,3,R006,Kasur Angin Anti Decubitus,188,1611500,302962000
SO240148,4,D008,Rapid Test HIV,25,342000,8550000
SO240149,1,R003,Tongkat Ketiak Aluminium,38,258000,9804000
SO240149,2,R009,Urinal Pria Plastik,122,21500,2623000
SO240149,3,C016,Kassa Steril 10x10cm,26,38500,1001000
SO240149,4,D003,Pulse Oximeter,177,262500,46462500
SO240150,1,C010,Syringe 10ml,195,73500,14332500
SO240150,2,R006,Kasur Angin Anti Decubitus,67,1552500,104017500
SO240150,3,D013,Stethoscope Anak,96,336000,32256000
SO240150,4,C011,Syringe 20ml,143,82500,11797500
SO240150,5,B009,Benang Catgut 2-0,189,412000,77868000
SO240151,1,C010,Syringe 10ml,139,83000,11537000
SO240151,2,D006,Rapid Test Antigen,130,480000,62400000
SO240152,1,D008,Rapid Test HIV,115,309500,35592500
SO240152,2,L009,Pot Sputum 50ml Bertutup,152,111000,16872000
SO240152,3,C009,Syringe 5ml,10,77000,770000
SO240152,4,D009,Glukometer Set,33,408500,13480500
SO240153,1,C003,Sarung Tangan Nitril M,150,154000,23100000
SO240153,2,C008,Syringe 3ml,105,68000,7140000
SO240153,3,D012,Stethoscope Dewasa,37,192000,7104000
SO240154,1,R011,Selimut Pasien Rumah Sakit,44,87500,3850000
SO240154,2,D004,Termometer Digital Axilla,11,80000,880000
SO240154,3,L003,Tabung Vacutainer Citrate,198,172500,34155000
SO240154,4,C013,IV Catheter 20G,151,236500,35711500
SO240154,5,D014,Timbangan Bayi Digital,159,603000,95877000
SO240155,1,D005,Termometer Infrared,187,220000,41140000
SO240155,2,B008,Blade Skalpel No.10,73,126000,9198000
SO240155,3,L004,Holder Vacutainer,111,102500,11377500
SO240155,4,C008,Syringe 3ml,85,60000,5100000
SO240155,5,D011,Urine Stick 10 Parameter,44,236000,10384000
SO240156,1,C002,Sarung Tangan Nitril S,192,139000,26688000
SO240156,2,B011,Handscoon Steril 6.5,185,370500,68542500
SO240156,3,C015,Plester Luka 5x10cm,182,27000,4914000
SO240156,4,D002,Tensimeter Manual Dewasa,191,235000,44885000
SO240156,5,D001,Tensimeter Digital Lengan,55,482000,26510000
SO240157,1,D015,Penlight Diagnostik,83,41500,3444500
SO240157,2,C008,Syringe 3ml,47,72500,3407500
SO240158,1,R007,Tiang Infus Stainless 5-Roda,151,478000,72178000
SO240158,2,D002,Tensimeter Manual Dewasa,13,247500,3217500
SO240158,3,D007,Rapid Test HbsAg,74,333000,24642000
SO240159,1,B009,Benang Catgut 2-0,57,295500,16843500
SO240160,1,D010,Strip Gula Darah,191,161500,30846500
SO240161,1,C001,Masker Bedah 3-Ply,102,44500,4539000
SO240161,2,L007,Cover Glass 18x18mm,65,80000,5200000
SO240161,3,R009,Urinal Pria Plastik,131,38500,5043500
SO240162,1,B015,Bisturi Elektrik Disposable,39,170500,6649500
SO240162,2,R001,Kursi Roda Standar,75,2333000,174975000
SO240162,3,R002,Kursi Roda Lipat Ringan,195,2093000,408135000
SO240162,4,B006,Klem Arteri Bengkok,16,187500,3000000
SO240163,1,C009,Syringe 5ml,147,67500,9922500
SO240163,2,L006,Slide Kaca 76x26mm,11,101000,1111000
SO240164,1,B005,Klem Arteri Lurus,16,180000,2880000
SO240164,2,B001,Gunting Bedah Lurus 14cm,193,123500,23835500
SO240165,1,C004,Sarung Tangan Nitril L,120,140500,16860000
SO240165,2,D001,Tensimeter Digital Lengan,14,452000,6328000
SO240165,3,R008,Bedpan Plastik Dewasa,182,29000,5278000
SO240165,4,D005,Termometer Infrared,146,121000,17666000
SO240166,1,D010,Strip Gula Darah,165,131500,21697500
SO240166,2,D007,Rapid Test HbsAg,82,394500,32349000
SO240166,3,L007,Cover Glass 18x18mm,107,71000,7597000
SO240167,1,C012,IV Catheter 18G,147,252000,37044000
SO240167,2,C002,Sarung Tangan Nitril S,31,140000,4340000
SO240167,3,R005,Bantal Angin Anti Decubitus,63,376000,23688000
SO240167,4,L007,Cover Glass 18x18mm,199,67500,13432500
SO240168,1,L008,Pot Urine 60ml Bertutup,150,100000,15000000
SO240169,1,C012,IV Catheter 18G,35,217500,7612500
SO240169,2,B004,Pinset Bedah 14cm,168,44500,7476000
SO240170,1,C019,NGT 16Fr,73,21500,1569500
SO240170,2,R007,Tiang Infus Stainless 5-Roda,192,838000,160896000
SO240170,3,B001,Gunting Bedah Lurus 14cm,174,137000,23838000
SO240171,1,B006,Klem Arteri Bengkok,158,196000,30968000
SO240172,1,D005,Termometer Infrared,197,232500,45802500
SO240172,2,R009,Urinal Pria Plastik,84,24500,2058000
SO240172,3,L003,Tabung Vacutainer Citrate,128,291500,37312000
SO240172,4,D013,Stethoscope Anak,140,223500,31290000
SO240172,5,C007,Syringe 1ml,111,57000,6327000
SO240173,1,L005,Jarum Vacutainer 21G,109,181500,19783500
SO240173,2,L001,Tabung Vacutainer EDTA,126,265500,33453000
SO240173,3,L006,Slide Kaca 76x26mm,21,62500,1312500
SO240174,1,D006,Rapid Test Antigen,164,351500,57646000
SO240174,2,R011,Selimut Pasien Rumah Sakit,138,64000,8832000
SO240174,3,D007,Rapid Test HbsAg,122,323500,39467000
SO240174,4,B004,Pinset Bedah 14cm,68,45000,3060000
SO240175,1,D011,Urine Stick 10 Parameter,182,325500,59241000
SO240175,2,R001,Kursi Roda Standar,132,1642000,216744000
SO240175,3,D008,Rapid Test HIV,161,342500,55142500
SO240175,4,R002,Kursi Roda Lipat Ringan,175,2361500,413262500
SO240176,1,L002,Tabung Vacutainer Plain,44,222500,9790000
SO240176,2,B015,Bisturi Elektrik Disposable,141,125000,17625000
SO240177,1,D008,Rapid Test HIV,124,459000,56916000
SO240177,2,C016,Kassa Steril 10x10cm,130,46000,5980000
SO240178,1,B003,Pinset Anatomis 14cm,161,44500,7164500
SO240178,2,B007,Skalpel Handle No.3,68,85000,5780000
SO240178,3,C019,NGT 16Fr,108,20000,2160000
SO240178,4,R007,Tiang Infus Stainless 5-Roda,37,458500,16964500
SO240178,5,L003,Tabung Vacutainer Citrate,61,297000,18117000
SO240179,1,D009,Glukometer Set,133,423000,56259000
SO240180,1,L003,Tabung Vacutainer Citrate,133,260000,34580000
SO240180,2,D010,Strip Gula Darah,99,197000,19503000
SO240181,1,D002,Tensimeter Manual Dewasa,75,175000,13125000
SO240181,2,B014,Duk Operasi 80x90cm,11,58000,638000
SO240181,3,L005,Jarum Vacutainer 21G,200,121000,24200000
SO240181,4,C003,Sarung Tangan Nitril M,157,154000,24178000
SO240182,1,C010,Syringe 10ml,147,69000,10143000
SO240182,2,C014,IV Catheter 22G,154,228000,35112000
SO240182,3,B006,Klem Arteri Bengkok,166,156000,25896000
SO240183,1,D004,Termometer Digital Axilla,98,71000,6958000
SO240183,2,R002,Kursi Roda Lipat Ringan,198,1789500,354321000
SO240183,3,L010,Objek Glass Frosted,178,73000,12994000
SO240183,4,C011,Syringe 20ml,68,74500,5066000
SO240183,5,L004,Holder Vacutainer,189,90500,17104500
SO240184,1,R001,Kursi Roda Standar,47,2189000,102883000
SO240185,1,D001,Tensimeter Digital Lengan,163,484000,78892000
SO240186,1,R010,Baju Pasien Dewasa,159,58000,9222000
SO240186,2,L003,Tabung Vacutainer Citrate,98,232500,22785000
SO240186,3,B014,Duk Operasi 80x90cm,67,55000,3685000
SO240186,4,R007,Tiang Infus Stainless 5-Roda,59,688500,40621500
SO240186,5,D005,Termometer Infrared,113,195500,22091500
SO240187,1,C001,Masker Bedah 3-Ply,28,51500,1442000
SO240187,2,L004,Holder Vacutainer,85,102500,8712500
SO240187,3,C020,Spalk Lengan Anak,39,33000,1287000
SO240187,4,B012,Handscoon Steril 7.0,141,347500,48997500
SO240187,5,D014,Timbangan Bayi Digital,147,481000,70707000
SO240188,1,R007,Tiang Infus Stainless 5-Roda,172,863500,148522000
SO240188,2,D002,Tensimeter Manual Dewasa,66,238500,15741000
SO240188,3,R001,Kursi Roda Standar,189,1682000,317898000
SO240188,4,C005,Infus Set Dewasa,90,11500,1035000
SO240189,1,D015,Penlight Diagnostik,168,48500,8148000
SO240189,2,R012,Sarung Bantal Pasien,49,23500,1151500
SO240190,1,C014,IV Catheter 22G,42,187000,7854000
SO240190,2,C003,Sarung Tangan Nitril M,144,172500,24840000
SO240190,3,C009,Syringe 5ml,118,65500,7729000
SO240190,4,C006,Infus Set Anak,148,8500,1258000
SO240190,5,R013,Perlak Waterproof 90x180cm,138,271000,37398000
SO240191,1,R010,Baju Pasien Dewasa,117,59500,6961500
SO240191,2,R005,Bantal Angin Anti Decubitus,103,285000,29355000
SO240192,1,C005,Infus Set Dewasa,131,14500,1899500
SO240192,2,L001,Tabung Vacutainer EDTA,12,173000,2076000
SO240193,1,C001,Masker Bedah 3-Ply,152,43500,6612000
SO240193,2,C006,Infus Set Anak,98,8000,784000
SO240193,3,R011,Selimut Pasien Rumah Sakit,115,63000,7245000
SO240193,4,D006,Rapid Test Antigen,99,528000,52272000
SO240193,5,L007,Cover Glass 18x18mm,165,58000,9570000
SO240194,1,B001,Gunting Bedah Lurus 14cm,90,121500,10935000
SO240194,2,R010,Baju Pasien Dewasa,177,54000,9558000
SO240195,1,L004,Holder Vacutainer,150,83500,12525000
SO240195,2,C011,Syringe 20ml,16,85500,1368000
SO240195,3,D010,Strip Gula Darah,111,188500,20923500
SO240195,4,R009,Urinal Pria Plastik,31,23500,728500
SO240196,1,D007,Rapid Test HbsAg,55,435000,23925000
SO240196,2,C019,NGT 16Fr,162,25500,4131000
SO240196,3,L001,Tabung Vacutainer EDTA,171,248000,42408000
SO240196,4,C017,Urine Bag 2000ml,172,19000,3268000
SO240196,5,D014,Timbangan Bayi Digital,154,578000,89012000
SO240197,1,B012,Handscoon Steril 7.0,10,417000,4170000
SO240198,1,D015,Penlight Diagnostik,66,42000,2772000
SO240198,2,D004,Termometer Digital Axilla,30,72500,2175000
SO240198,3,R009,Urinal Pria Plastik,170,28000,4760000
SO240198,4,C011,Syringe 20ml,142,85000,12070000
SO240199,1,L003,Tabung Vacutainer Citrate,193,275000,53075000
SO240199,2,D009,Glukometer Set,196,252000,49392000
SO240200,1,D010,Strip Gula Darah,73,124500,9088500
SO240200,2,C010,Syringe 10ml,60,70000,4200000
SO240200,3,C004,Sarung Tangan Nitril L,198,170500,33759000
SO240200,4,L001,Tabung Vacutainer EDTA,34,218500,7429000
SO240201,1,C019,NGT 16Fr,52,22500,1170000
SO240202,1,R006,Kasur Angin Anti Decubitus,33,1569500,51793500
SO240202,2,B004,Pinset Bedah 14cm,168,62000,10416000
SO240202,3,B005,Klem Arteri Lurus,170,128000,21760000
SO240202,4,R011,Selimut Pasien Rumah Sakit,25,78500,1962500
SO240203,1,D014,Timbangan Bayi Digital,57,635000,36195000
SO240203,2,B010,Benang Silk 3-0,99,285000,28215000
SO240203,3,R009,Urinal Pria Plastik,197,35500,6993500
SO240203,4,C005,Infus Set Dewasa,80,15000,1200000
SO240203,5,D011,Urine Stick 10 Parameter,163,345500,56316500
SO240204,1,C014,IV Catheter 22G,103,211500,21784500
SO240204,2,B011,Handscoon Steril 6.5,92,296500,27278000
SO240204,3,R005,Bantal Angin Anti Decubitus,178,321500,57227000
SO240204,4,R012,Sarung Bantal Pasien,109,26000,2834000
SO240204,5,D013,Stethoscope Anak,144,379000,54576000
SO240205,1,D005,Termometer Infrared,55,234500,12897500
SO240205,2,D006,Rapid Test Antigen,18,403000,7254000
SO240206,1,C011,Syringe 20ml,200,89000,17800000
SO240206,2,D007,Rapid Test HbsAg,116,376500,43674000
SO240206,3,L006,Slide Kaca 76x26mm,191,64000,12224000
SO240206,4,C020,Spalk Lengan Anak,167,24500,4091500
SO240206,5,D002,Tensimeter Manual Dewasa,145,155500,22547500
SO240207,1,D007,Rapid Test HbsAg,189,392000,74088000
SO240207,2,C002,Sarung Tangan Nitril S,36,131000,4716000
SO240207,3,L009,Pot Sputum 50ml Bertutup,56,111000,6216000
SO240207,4,B007,Skalpel Handle No.3,112,93000,10416000
SO240208,1,C020,Spalk Lengan Anak,111,20000,2220000
SO240208,2,R007,Tiang Infus Stainless 5-Roda,195,468000,91260000
SO240208,3,D013,Stethoscope Anak,82,356000,29192000
SO240208,4,D008,Rapid Test HIV,14,435500,6097000
SO240209,1,D004,Termometer Digital Axilla,152,82500,12540000
SO240209,2,R003,Tongkat Ketiak Aluminium,156,190500,29718000
SO240209,3,C020,Spalk Lengan Anak,34,20500,697000
SO240209,4,L009,Pot Sputum 50ml Bertutup,127,98500,12509500
SO240209,5,B004,Pinset Bedah 14cm,49,49000,2401000
SO240210,1,C009,Syringe 5ml,134,77000,10318000
SO240210,2,C014,IV Catheter 22G,186,255500,47523000
SO240211,1,C002,Sarung Tangan Nitril S,12,161500,1938000
SO240211,2,L001,Tabung Vacutainer EDTA,171,200000,34200000
SO240211,3,D014,Timbangan Bayi Digital,23,510000,11730000
SO240211,4,L006,Slide Kaca 76x26mm,144,62500,9000000
SO240211,5,C007,Syringe 1ml,91,62500,5687500
SO240212,1,B011,Handscoon Steril 6.5,120,356000,42720000
SO240212,2,R001,Kursi Roda Standar,110,1510500,166155000
SO240213,1,L001,Tabung Vacutainer EDTA,111,235500,26140500
SO240213,2,C010,Syringe 10ml,156,61500,9594000
SO240213,3,C017,Urine Bag 2000ml,153,17000,2601000
SO240213,4,C016,Kassa Steril 10x10cm,198,47000,9306000
SO240214,1,D015,Penlight Diagnostik,162,26500,4293000
SO240214,2,C017,Urine Bag 2000ml,88,13500,1188000
SO240214,3,C019,NGT 16Fr,99,28000,2772000
SO240215,1,C013,IV Catheter 20G,63,250500,15781500
SO240215,2,D013,Stethoscope Anak,64,253500,16224000
SO240215,3,R004,Walker Lipat Dewasa,149,624500,93050500
SO240216,1,R013,Perlak Waterproof 90x180cm,61,342000,20862000
SO240216,2,L001,Tabung Vacutainer EDTA,79,157000,12403000
SO240216,3,D005,Termometer Infrared,129,206000,26574000
SO240217,1,B007,Skalpel Handle No.3,192,61500,11808000
SO240217,2,B008,Blade Skalpel No.10,20,122500,2450000
SO240217,3,L006,Slide Kaca 76x26mm,145,80000,11600000
SO240217,4,D012,Stethoscope Dewasa,95,308500,29307500
SO240217,5,C013,IV Catheter 20G,110,200500,22055000
SO240218,1,L006,Slide Kaca 76x26mm,70,93000,6510000
SO240218,2,C001,Masker Bedah 3-Ply,80,37000,2960000
SO240218,3,R013,Perlak Waterproof 90x180cm,170,247500,42075000
SO240219,1,L003,Tabung Vacutainer Citrate,158,213000,33654000
SO240219,2,L008,Pot Urine 60ml Bertutup,45,90000,4050000
SO240220,1,L002,Tabung Vacutainer Plain,48,242000,11616000
SO240220,2,B003,Pinset Anatomis 14cm,58,47000,2726000
SO240220,3,D002,Tensimeter Manual Dewasa,43,174000,7482000
SO240221,1,C008,Syringe 3ml,166,52500,8715000
SO240221,2,B009,Benang Catgut 2-0,162,311000,50382000
SO240221,3,B013,Handscoon Steril 7.5,69,287000,19803000
SO240221,4,D005,Termometer Infrared,101,130500,13180500
SO240221,5,D014,Timbangan Bayi Digital,186,600000,111600000
SO240222,1,D007,Rapid Test HbsAg,167,408500,68219500
SO240222,2,C020,Spalk Lengan Anak,186,25500,4743000
SO240222,3,L004,Holder Vacutainer,127,138000,17526000
SO240222,4,B003,Pinset Anatomis 14cm,73,68000,4964000
SO240223,1,R009,Urinal Pria Plastik,58,29500,1711000
SO240224,1,L009,Pot Sputum 50ml Bertutup,38,87000,3306000
SO240224,2,D014,Timbangan Bayi Digital,159,636500,101203500
SO240224,3,R005,Bantal Angin Anti Decubitus,44,283000,12452000
SO240224,4,R013,Perlak Waterproof 90x180cm,115,265000,30475000
SO240224,5,C009,Syringe 5ml,125,51000,6375000
SO240225,1,L008,Pot Urine 60ml Bertutup,172,94000,16168000
SO240225,2,R003,Tongkat Ketiak Aluminium,31,287500,8912500
SO240225,3,R012,Sarung Bantal Pasien,191,32500,6207500
SO240225,4,B001,Gunting Bedah Lurus 14cm,196,147000,28812000
SO240226,1,C016,Kassa Steril 10x10cm,61,30000,1830000
SO240226,2,C003,Sarung Tangan Nitril M,169,170000,28730000
SO240227,1,B014,Duk Operasi 80x90cm,177,46500,8230500
SO240228,1,B002,Gunting Bedah Bengkok 14cm,104,129500,13468000
SO240228,2,C005,Infus Set Dewasa,27,14000,378000
SO240228,3,D010,Strip Gula Darah,119,192000,22848000
SO240229,1,C005,Infus Set Dewasa,156,14000,2184000
SO240230,1,R003,Tongkat Ketiak Aluminium,144,301000,43344000
SO240230,2,C012,IV Catheter 18G,169,226500,38278500
SO240230,3,L001,Tabung Vacutainer EDTA,43,230500,9911500
SO240231,1,D002,Tensimeter Manual Dewasa,170,254500,43265000
SO240231,2,D011,Urine Stick 10 Parameter,40,254500,10180000
SO240231,3,L004,Holder Vacutainer,167,107000,17869000
SO240231,4,R004,Walker Lipat Dewasa,115,374000,43010000
SO240232,1,B006,Klem Arteri Bengkok,175,138000,24150000
SO240233,1,D005,Termometer Infrared,152,190000,28880000
SO240233,2,R002,Kursi Roda Lipat Ringan,14,1937000,27118000
SO240233,3,R008,Bedpan Plastik Dewasa,157,47500,7457500
SO240234,1,D013,Stethoscope Anak,162,230500,37341000
SO240234,2,R006,Kasur Angin Anti Decubitus,88,1589500,139876000
SO240235,1,B011,Handscoon Steril 6.5,105,290000,30450000
SO240236,1,B011,Handscoon Steril 6.5,21,436000,9156000
SO240236,2,C005,Infus Set Dewasa,32,10500,336000
SO240236,3,C004,Sarung Tangan Nitril L,129,178500,23026500
SO240237,1,B014,Duk Operasi 80x90cm,79,39500,3120500
SO240237,2,C012,IV Catheter 18G,190,217000,41230000
SO240237,3,R005,Bantal Angin Anti Decubitus,156,244000,38064000
SO240238,1,C013,IV Catheter 20G,192,250000,48000000
SO240238,2,L002,Tabung Vacutainer Plain,30,239000,7170000
SO240239,1,C009,Syringe 5ml,53,59000,3127000
SO240239,2,C014,IV Catheter 22G,99,259000,25641000
SO240239,3,B001,Gunting Bedah Lurus 14cm,157,96500,15150500
SO240239,4,R003,Tongkat Ketiak Aluminium,140,177000,24780000
SO240240,1,C009,Syringe 5ml,54,71500,3861000
SO240240,2,D010,Strip Gula Darah,181,130000,23530000
SO240241,1,R003,Tongkat Ketiak Aluminium,163,178500,29095500
SO240242,1,R009,Urinal Pria Plastik,47,25000,1175000
SO240243,1,C006,Infus Set Anak,12,13000,156000
SO240243,2,C016,Kassa Steril 10x10cm,140,43000,6020000
SO240243,3,D007,Rapid Test HbsAg,42,357000,14994000
SO240243,4,L009,Pot Sputum 50ml Bertutup,25,99000,2475000
SO240243,5,R001,Kursi Roda Standar,150,1311500,196725000
SO240244,1,D003,Pulse Oximeter,17,241500,4105500
SO240244,2,L007,Cover Glass 18x18mm,120,83500,10020000
SO240244,3,L003,Tabung Vacutainer Citrate,110,243500,26785000
SO240245,1,C015,Plester Luka 5x10cm,31,27000,837000
SO240245,2,B003,Pinset Anatomis 14cm,174,67500,11745000
SO240246,1,R002,Kursi Roda Lipat Ringan,164,1515500,248542000
SO240246,2,C016,Kassa Steril 10x10cm,157,46500,7300500
SO240246,3,D015,Penlight Diagnostik,197,40500,7978500
SO240246,4,B004,Pinset Bedah 14cm,192,73000,14016000
SO240247,1,D014,Timbangan Bayi Digital,185,632500,117012500
SO240248,1,R006,Kasur Angin Anti Decubitus,84,1025500,86142000
SO240248,2,D006,Rapid Test Antigen,19,532000,10108000
SO240248,3,C011,Syringe 20ml,162,84500,13689000
SO240249,1,C001,Masker Bedah 3-Ply,31,39000,1209000
SO240249,2,D008,Rapid Test HIV,139,320000,44480000
SO240249,3,R009,Urinal Pria Plastik,81,28500,2308500
SO240249,4,R004,Walker Lipat Dewasa,43,673000,28939000
SO240250,1,D010,Strip Gula Darah,179,177500,31772500
SO240250,2,C014,IV Catheter 22G,195,202000,39390000
SO240251,1,D007,Rapid Test HbsAg,69,379500,26185500
SO240251,2,D004,Termometer Digital Axilla,184,70500,12972000
SO240251,3,L004,Holder Vacutainer,131,97000,12707000
SO240251,4,R006,Kasur Angin Anti Decubitus,47,1406000,66082000
SO240251,5,C008,Syringe 3ml,121,45500,5505500
SO240252,1,B009,Benang Catgut 2-0,166,321500,53369000
SO240252,2,R011,Selimut Pasien Rumah Sakit,95,72500,6887500
SO240252,3,R003,Tongkat Ketiak Aluminium,78,176000,13728000
SO240252,4,C019,NGT 16Fr,75,28500,2137500
SO240253,1,R009,Urinal Pria Plastik,178,27000,4806000
SO240253,2,C009,Syringe 5ml,163,71000,11573000
SO240253,3,C001,Masker Bedah 3-Ply,41,39000,1599000
SO240253,4,B009,Benang Catgut 2-0,32,408500,13072000
SO240253,5,C003,Sarung Tangan Nitril M,43,144500,6213500
SO240254,1,L007,Cover Glass 18x18mm,77,56500,4350500
SO240254,2,L003,Tabung Vacutainer Citrate,122,178000,21716000
SO240254,3,D001,Tensimeter Digital Lengan,135,593500,80122500
SO240255,1,C019,NGT 16Fr,28,27500,770000
SO240256,1,L007,Cover Glass 18x18mm,41,82000,3362000
SO240256,2,B011,Handscoon Steril 6.5,147,374000,54978000
SO240256,3,C010,Syringe 10ml,95,77500,7362500
SO240256,4,C012,IV Catheter 18G,87,232500,20227500
SO240257,1,D005,Termometer Infrared,19,145500,2764500
SO240257,2,L004,Holder Vacutainer,16,127000,2032000
SO240258,1,B004,Pinset Bedah 14cm,194,43000,8342000
SO240258,2,D001,Tensimeter Digital Lengan,113,381000,43053000
SO240258,3,B001,Gunting Bedah Lurus 14cm,64,148500,9504000
SO240259,1,D011,Urine Stick 10 Parameter,26,228000,5928000
SO240259,2,C017,Urine Bag 2000ml,39,16000,624000
SO240259,3,D006,Rapid Test Antigen,162,511500,82863000
SO240259,4,C016,Kassa Steril 10x10cm,66,32000,2112000
SO240259,5,L009,Pot Sputum 50ml Bertutup,61,103000,6283000
SO240260,1,R005,Bantal Angin Anti Decubitus,106,221500,23479000
SO240260,2,C009,Syringe 5ml,14,79000,1106000
SO240260,3,L008,Pot Urine 60ml Bertutup,134,75500,10117000
SO240260,4,C008,Syringe 3ml,11,45000,495000
SO240260,5,B012,Handscoon Steril 7.0,55,303500,16692500
SO240261,1,C008,Syringe 3ml,152,52500,7980000
SO240262,1,L008,Pot Urine 60ml Bertutup,74,92000,6808000
SO240262,2,L007,Cover Glass 18x18mm,167,74500,12441500
SO240262,3,B008,Blade Skalpel No.10,21,103500,2173500
SO240262,4,R007,Tiang Infus Stainless 5-Roda,199,477500,95022500
SO240263,1,R008,Bedpan Plastik Dewasa,47,32000,1504000
SO240263,2,L010,Objek Glass Frosted,166,95000,15770000
SO240263,3,C020,Spalk Lengan Anak,55,26500,1457500
SO240263,4,B015,Bisturi Elektrik Disposable,105,138000,14490000
SO240264,1,L007,Cover Glass 18x18mm,151,60000,9060000
SO240264,2,C001,Masker Bedah 3-Ply,32,48500,1552000
SO240264,3,B008,Blade Skalpel No.10,143,154000,22022000
SO240264,4,D005,Termometer Infrared,65,197500,12837500
SO240264,5,D004,Termometer Digital Axilla,131,75500,9890500
SO240265,1,D003,Pulse Oximeter,20,303500,6070000
SO240266,1,D004,Termometer Digital Axilla,13,71500,929500
SO240266,2,R005,Bantal Angin Anti Decubitus,65,215000,13975000
SO240266,3,R013,Perlak Waterproof 90x180cm,101,257500,26007500
SO240266,4,R010,Baju Pasien Dewasa,71,41000,2911000
SO240266,5,B007,Skalpel Handle No.3,14,91500,1281000
SO240267,1,B013,Handscoon Steril 7.5,168,368000,61824000
SO240268,1,D015,Penlight Diagnostik,190,29500,5605000
SO240268,2,B010,Benang Silk 3-0,153,253500,38785500
SO240268,3,C002,Sarung Tangan Nitril S,45,142000,6390000
SO240268,4,C015,Plester Luka 5x10cm,71,34000,2414000
SO240268,5,C005,Infus Set Dewasa,39,13500,526500
SO240269,1,L005,Jarum Vacutainer 21G,58,180000,10440000
SO240270,1,R001,Kursi Roda Standar,84,1596500,134106000
SO240271,1,C013,IV Catheter 20G,150,238500,35775000
SO240271,2,C016,Kassa Steril 10x10cm,127,40000,5080000
SO240271,3,L001,Tabung Vacutainer EDTA,155,167500,25962500
SO240271,4,D006,Rapid Test Antigen,88,395000,34760000
SO240271,5,R012,Sarung Bantal Pasien,76,27500,2090000
SO240272,1,L005,Jarum Vacutainer 21G,191,140000,26740000
SO240272,2,B014,Duk Operasi 80x90cm,51,43000,2193000
SO240273,1,B012,Handscoon Steril 7.0,11,423000,4653000
SO240273,2,L005,Jarum Vacutainer 21G,139,163500,22726500
SO240274,1,R012,Sarung Bantal Pasien,20,24500,490000
SO240274,2,C002,Sarung Tangan Nitril S,183,156000,28548000
SO240274,3,B014,Duk Operasi 80x90cm,39,45000,1755000
SO240274,4,B008,Blade Skalpel No.10,16,142500,2280000
SO240275,1,B006,Klem Arteri Bengkok,180,167500,30150000
SO240276,1,B013,Handscoon Steril 7.5,199,389000,77411000
SO240276,2,B009,Benang Catgut 2-0,123,325500,40036500
SO240276,3,B007,Skalpel Handle No.3,51,113000,5763000
SO240276,4,B014,Duk Operasi 80x90cm,196,64500,12642000
SO240277,1,B007,Skalpel Handle No.3,87,114500,9961500
SO240278,1,B005,Klem Arteri Lurus,116,143500,16646000
SO240278,2,L001,Tabung Vacutainer EDTA,135,269000,36315000
SO240278,3,R004,Walker Lipat Dewasa,186,688000,127968000
SO240279,1,R003,Tongkat Ketiak Aluminium,187,181500,33940500
SO240279,2,C006,Infus Set Anak,105,12000,1260000
SO240279,3,B015,Bisturi Elektrik Disposable,197,195500,38513500
SO240279,4,D005,Termometer Infrared,14,231000,3234000
SO240280,1,D015,Penlight Diagnostik,22,44000,968000
SO240280,2,L010,Objek Glass Frosted,84,99500,8358000
SO240280,3,C011,Syringe 20ml,173,62500,10812500
SO240281,1,B001,Gunting Bedah Lurus 14cm,34,126000,4284000
SO240281,2,C006,Infus Set Anak,46,8000,368000
SO240281,3,C003,Sarung Tangan Nitril M,45,154000,6930000
SO240282,1,D011,Urine Stick 10 Parameter,146,344500,50297000
SO240282,2,C017,Urine Bag 2000ml,189,18000,3402000
SO240282,3,B010,Benang Silk 3-0,39,309500,12070500
SO240282,4,B007,Skalpel Handle No.3,127,65000,8255000
SO240282,5,D013,Stethoscope Anak,39,414500,16165500
SO240283,1,D003,Pulse Oximeter,66,213500,14091000
SO240284,1,B009,Benang Catgut 2-0,62,404000,25048000
SO240284,2,B007,Skalpel Handle No.3,61,72000,4392000
SO240284,3,D012,Stethoscope Dewasa,181,272000,49232000
SO240284,4,R011,Selimut Pasien Rumah Sakit,17,61000,1037000
SO240284,5,L006,Slide Kaca 76x26mm,47,109000,5123000
SO240285,1,C001,Masker Bedah 3-Ply,65,41500,2697500
SO240285,2,R004,Walker Lipat Dewasa,82,440000,36080000
SO240285,3,C009,Syringe 5ml,147,50000,7350000
SO240285,4,D004,Termometer Digital Axilla,195,51500,10042500
SO240285,5,L006,Slide Kaca 76x26mm,64,93000,5952000
SO240286,1,C019,NGT 16Fr,114,20000,2280000
SO240286,2,C011,Syringe 20ml,90,64000,5760000
SO240287,1,C013,IV Catheter 20G,55,181500,9982500
SO240287,2,D009,Glukometer Set,182,379000,68978000
SO240287,3,R004,Walker Lipat Dewasa,182,405000,73710000
SO240288,1,L009,Pot Sputum 50ml Bertutup,96,88000,8448000
SO240288,2,D009,Glukometer Set,162,356000,57672000
SO240289,1,C017,Urine Bag 2000ml,137,17500,2397500
SO240290,1,B011,Handscoon Steril 6.5,49,359500,17615500
SO240290,2,B007,Skalpel Handle No.3,169,101000,17069000
SO240290,3,R008,Bedpan Plastik Dewasa,34,50000,1700000
SO240291,1,B006,Klem Arteri Bengkok,120,135500,16260000
SO240292,1,L003,Tabung Vacutainer Citrate,89,262000,23318000
SO240292,2,R008,Bedpan Plastik Dewasa,134,28500,3819000
SO240293,1,L004,Holder Vacutainer,167,124500,20791500
SO240293,2,D007,Rapid Test HbsAg,100,354500,35450000
SO240293,3,C020,Spalk Lengan Anak,92,21000,1932000
SO240293,4,C009,Syringe 5ml,17,69500,1181500
SO240294,1,B003,Pinset Anatomis 14cm,31,44500,1379500
SO240294,2,L006,Slide Kaca 76x26mm,88,67500,5940000
SO240294,3,D014,Timbangan Bayi Digital,96,439000,42144000
SO240294,4,B009,Benang Catgut 2-0,15,391000,5865000
SO240294,5,D009,Glukometer Set,93,260000,24180000
SO240295,1,R007,Tiang Infus Stainless 5-Roda,156,501000,78156000
SO240295,2,B002,Gunting Bedah Bengkok 14cm,135,93000,12555000
SO240295,3,B007,Skalpel Handle No.3,186,104000,19344000
SO240296,1,C009,Syringe 5ml,64,59500,3808000
SO240296,2,C010,Syringe 10ml,77,56500,4350500
SO240296,3,R004,Walker Lipat Dewasa,86,650500,55943000
SO240296,4,C003,Sarung Tangan Nitril M,112,172500,19320000
SO240296,5,L003,Tabung Vacutainer Citrate,67,184000,12328000
SO240297,1,D013,Stethoscope Anak,139,411000,57129000
SO240297,2,B009,Benang Catgut 2-0,86,363500,31261000
SO240297,3,L010,Objek Glass Frosted,179,100500,17989500
SO240298,1,D007,Rapid Test HbsAg,137,336000,46032000
SO240298,2,B005,Klem Arteri Lurus,179,217500,38932500
SO240298,3,L007,Cover Glass 18x18mm,129,62500,8062500
SO240298,4,B004,Pinset Bedah 14cm,173,75000,12975000
SO240298,5,L001,Tabung Vacutainer EDTA,167,262000,43754000
SO240299,1,B015,Bisturi Elektrik Disposable,172,146500,25198000
SO240300,1,C005,Infus Set Dewasa,174,15000,2610000
SO240300,2,B010,Benang Silk 3-0,20,327500,6550000
SO240301,1,C007,Syringe 1ml,111,72500,8047500
SO240302,1,C013,IV Catheter 20G,90,223000,20070000
SO240303,1,L001,Tabung Vacutainer EDTA,47,197500,9282500
SO240303,2,R010,Baju Pasien Dewasa,131,59000,7729000
SO240303,3,B011,Handscoon Steril 6.5,88,285500,25124000
SO240304,1,D007,Rapid Test HbsAg,122,445500,54351000
SO240304,2,L002,Tabung Vacutainer Plain,91,255500,23250500
SO240305,1,R006,Kasur Angin Anti Decubitus,198,1192500,236115000
SO240305,2,B008,Blade Skalpel No.10,126,93500,11781000
SO240305,3,R010,Baju Pasien Dewasa,23,47000,1081000
SO240305,4,R008,Bedpan Plastik Dewasa,171,39500,6754500
SO240305,5,B002,Gunting Bedah Bengkok 14cm,174,98000,17052000
SO240306,1,B012,Handscoon Steril 7.0,31,309000,9579000
SO240306,2,C013,IV Catheter 20G,50,212500,10625000
SO240306,3,R008,Bedpan Plastik Dewasa,142,48500,6887000
SO240306,4,B010,Benang Silk 3-0,176,234000,41184000
SO240306,5,C008,Syringe 3ml,162,67500,10935000
SO240307,1,D001,Tensimeter Digital Lengan,22,455000,10010000
SO240307,2,C005,Infus Set Dewasa,168,11500,1932000
SO240308,1,C012,IV Catheter 18G,196,205000,40180000
SO240308,2,R008,Bedpan Plastik Dewasa,117,31000,3627000
SO240308,3,B013,Handscoon Steril 7.5,114,318500,36309000
SO240309,1,D005,Termometer Infrared,104,196500,20436000
SO240309,2,B003,Pinset Anatomis 14cm,185,70000,12950000
SO240310,1,B002,Gunting Bedah Bengkok 14cm,28,92500,2590000
SO240310,2,C008,Syringe 3ml,152,47000,7144000
SO240310,3,L001,Tabung Vacutainer EDTA,23,193500,4450500
SO240311,1,C020,Spalk Lengan Anak,111,31000,3441000
SO240311,2,D009,Glukometer Set,104,284500,29588000
SO240311,3,L007,Cover Glass 18x18mm,153,47500,7267500
SO240312,1,R002,Kursi Roda Lipat Ringan,21,1768000,37128000
SO240312,2,R011,Selimut Pasien Rumah Sakit,137,109500,15001500
SO240312,3,L010,Objek Glass Frosted,81,114000,9234000
SO240313,1,R004,Walker Lipat Dewasa,134,590000,79060000
SO240313,2,D008,Rapid Test HIV,136,329500,44812000
SO240313,3,D010,Strip Gula Darah,194,139500,27063000
SO240313,4,R001,Kursi Roda Standar,41,1933000,79253000
SO240313,5,L009,Pot Sputum 50ml Bertutup,33,88500,2920500
SO240314,1,C015,Plester Luka 5x10cm,73,37500,2737500
SO240315,1,L008,Pot Urine 60ml Bertutup,177,111000,19647000
SO240316,1,D007,Rapid Test HbsAg,40,358500,14340000
SO240316,2,R007,Tiang Infus Stainless 5-Roda,135,870000,117450000
SO240317,1,C009,Syringe 5ml,78,68500,5343000
SO240317,2,C005,Infus Set Dewasa,163,11500,1874500
SO240317,3,R005,Bantal Angin Anti Decubitus,33,378500,12490500
SO240317,4,B013,Handscoon Steril 7.5,118,376500,44427000
SO240318,1,D003,Pulse Oximeter,86,219000,18834000
SO240318,2,B011,Handscoon Steril 6.5,42,359000,15078000
SO240318,3,L005,Jarum Vacutainer 21G,73,188500,13760500
SO240318,4,R008,Bedpan Plastik Dewasa,119,34500,4105500
SO240319,1,B008,Blade Skalpel No.10,169,124500,21040500
SO240319,2,C004,Sarung Tangan Nitril L,97,177000,17169000
SO240319,3,C003,Sarung Tangan Nitril M,57,134000,7638000
SO240319,4,R003,Tongkat Ketiak Aluminium,57,170500,9718500
SO240320,1,C014,IV Catheter 22G,178,259000,46102000
SO240320,2,L005,Jarum Vacutainer 21G,195,184000,35880000
SO240320,3,C007,Syringe 1ml,87,65500,5698500
SO240320,4,B007,Skalpel Handle No.3,167,83500,13944500
SO240321,1,L006,Slide Kaca 76x26mm,58,65500,3799000
SO240321,2,D001,Tensimeter Digital Lengan,87,552000,48024000
SO240321,3,R005,Bantal Angin Anti Decubitus,128,219000,28032000
SO240321,4,R013,Perlak Waterproof 90x180cm,131,290500,38055500
SO240321,5,B014,Duk Operasi 80x90cm,15,39000,585000
SO240322,1,C007,Syringe 1ml,23,56000,1288000
SO240322,2,C003,Sarung Tangan Nitril M,12,126500,1518000
SO240322,3,C020,Spalk Lengan Anak,171,34000,5814000
SO240322,4,C012,IV Catheter 18G,192,236500,45408000
SO240323,1,R006,Kasur Angin Anti Decubitus,69,1599000,110331000
SO240323,2,C011,Syringe 20ml,25,77500,1937500
SO240323,3,C012,IV Catheter 18G,14,235500,3297000
SO240323,4,B014,Duk Operasi 80x90cm,157,45500,7143500
SO240324,1,D003,Pulse Oximeter,83,230500,19131500
SO240324,2,B009,Benang Catgut 2-0,130,340000,44200000
SO240325,1,R010,Baju Pasien Dewasa,130,45500,5915000
SO240325,2,B013,Handscoon Steril 7.5,169,334500,56530500
SO240325,3,C019,NGT 16Fr,82,29500,2419000
SO240326,1,C006,Infus Set Anak,14,11000,154000
SO240327,1,D010,Strip Gula Darah,127,134500,17081500
SO240327,2,R003,Tongkat Ketiak Aluminium,37,310000,11470000
SO240327,3,R006,Kasur Angin Anti Decubitus,166,1670000,277220000
SO240327,4,C012,IV Catheter 18G,36,253500,9126000
SO240328,1,B007,Skalpel Handle No.3,197,117000,23049000
SO240328,2,C009,Syringe 5ml,35,55000,1925000
SO240328,3,B011,Handscoon Steril 6.5,175,375500,65712500
SO240328,4,C002,Sarung Tangan Nitril S,95,173500,16482500
SO240329,1,L009,Pot Sputum 50ml Bertutup,105,122000,12810000
SO240329,2,B001,Gunting Bedah Lurus 14cm,116,127500,14790000
SO240329,3,B010,Benang Silk 3-0,171,374500,64039500
SO240330,1,C006,Infus Set Anak,179,13500,2416500
SO240331,1,D004,Termometer Digital Axilla,176,71500,12584000
SO240331,2,B013,Handscoon Steril 7.5,60,359000,21540000
SO240331,3,C007,Syringe 1ml,31,46000,1426000
SO240332,1,L008,Pot Urine 60ml Bertutup,15,72000,1080000
SO240332,2,C010,Syringe 10ml,148,74500,11026000
SO240333,1,B012,Handscoon Steril 7.0,124,358000,44392000
SO240334,1,R011,Selimut Pasien Rumah Sakit,126,61500,7749000
SO240334,2,L007,Cover Glass 18x18mm,47,73000,3431000
SO240334,3,C009,Syringe 5ml,115,52500,6037500
SO240335,1,R007,Tiang Infus Stainless 5-Roda,137,783500,107339500
SO240335,2,R010,Baju Pasien Dewasa,118,64000,7552000
SO240335,3,D015,Penlight Diagnostik,186,57000,10602000
SO240335,4,L006,Slide Kaca 76x26mm,197,87500,17237500
SO240335,5,D002,Tensimeter Manual Dewasa,51,169000,8619000
SO240336,1,B008,Blade Skalpel No.10,153,138500,21190500
SO240336,2,D005,Termometer Infrared,40,199000,7960000
SO240337,1,C019,NGT 16Fr,46,20500,943000
SO240338,1,C015,Plester Luka 5x10cm,139,35500,4934500
SO240338,2,C004,Sarung Tangan Nitril L,127,170000,21590000
SO240339,1,R006,Kasur Angin Anti Decubitus,153,1526500,233554500
SO240339,2,B006,Klem Arteri Bengkok,41,204500,8384500
SO240339,3,C017,Urine Bag 2000ml,153,12500,1912500
SO240340,1,R002,Kursi Roda Lipat Ringan,14,2076500,29071000
SO240340,2,D006,Rapid Test Antigen,62,414500,25699000
SO240341,1,C002,Sarung Tangan Nitril S,145,141000,20445000
SO240342,1,R010,Baju Pasien Dewasa,106,43000,4558000
SO240342,2,B010,Benang Silk 3-0,23,253000,5819000
SO240342,3,C008,Syringe 3ml,71,69500,4934500
SO240343,1,R010,Baju Pasien Dewasa,172,50500,8686000
SO240343,2,B001,Gunting Bedah Lurus 14cm,14,115500,1617000
SO240343,3,L008,Pot Urine 60ml Bertutup,151,108500,16383500
SO240343,4,B015,Bisturi Elektrik Disposable,182,133500,24297000
SO240344,1,R006,Kasur Angin Anti Decubitus,72,1413500,101772000
SO240344,2,B009,Benang Catgut 2-0,118,395500,46669000
SO240345,1,D011,Urine Stick 10 Parameter,191,318500,60833500
SO240345,2,R001,Kursi Roda Standar,79,1715500,135524500
SO240345,3,L010,Objek Glass Frosted,179,86000,15394000
SO240346,1,C016,Kassa Steril 10x10cm,30,32500,975000
SO240346,2,L010,Objek Glass Frosted,147,67000,9849000
SO240346,3,B006,Klem Arteri Bengkok,181,178500,32308500
SO240346,4,C007,Syringe 1ml,182,49000,8918000
SO240346,5,C013,IV Catheter 20G,100,229500,22950000
SO240347,1,C012,IV Catheter 18G,59,192000,11328000
SO240347,2,D005,Termometer Infrared,167,202000,33734000
SO240347,3,C013,IV Catheter 20G,87,209000,18183000
SO240348,1,D009,Glukometer Set,155,381000,59055000
SO240348,2,R007,Tiang Infus Stainless 5-Roda,136,539500,73372000
SO240348,3,L009,Pot Sputum 50ml Bertutup,151,87500,13212500
SO240349,1,B007,Skalpel Handle No.3,92,88500,8142000
SO240350,1,D005,Termometer Infrared,146,179000,26134000
SO240350,2,C001,Masker Bedah 3-Ply,90,35000,3150000
SO240350,3,B015,Bisturi Elektrik Disposable,110,145500,16005000
SO240350,4,B009,Benang Catgut 2-0,95,271500,25792500
SO240351,1,L004,Holder Vacutainer,143,132000,18876000
SO240351,2,B009,Benang Catgut 2-0,70,269000,18830000
SO240351,3,R011,Selimut Pasien Rumah Sakit,163,95500,15566500
SO240352,1,C011,Syringe 20ml,24,70000,1680000
SO240352,2,D006,Rapid Test Antigen,166,514000,85324000
SO240352,3,C007,Syringe 1ml,120,47000,5640000
SO240352,4,R001,Kursi Roda Standar,36,1317000,47412000
SO240353,1,B010,Benang Silk 3-0,126,335500,42273000
SO240354,1,D011,Urine Stick 10 Parameter,89,342000,30438000
SO240354,2,C013,IV Catheter 20G,47,199500,9376500
SO240354,3,B007,Skalpel Handle No.3,130,80000,10400000
SO240355,1,B008,Blade Skalpel No.10,98,115500,11319000
SO240355,2,L010,Objek Glass Frosted,61,107000,6527000
SO240355,3,L008,Pot Urine 60ml Bertutup,61,121500,7411500
SO240355,4,R013,Perlak Waterproof 90x180cm,27,269500,7276500
SO240356,1,C005,Infus Set Dewasa,36,11500,414000
SO240356,2,D001,Tensimeter Digital Lengan,20,480000,9600000
SO240357,1,D013,Stethoscope Anak,102,202500,20655000
SO240358,1,L001,Tabung Vacutainer EDTA,54,178500,9639000
SO240358,2,C002,Sarung Tangan Nitril S,77,167000,12859000
SO240358,3,R004,Walker Lipat Dewasa,54,528000,28512000
SO240359,1,B007,Skalpel Handle No.3,121,117500,14217500
SO240359,2,R012,Sarung Bantal Pasien,192,22000,4224000
SO240359,3,C012,IV Catheter 18G,40,199000,7960000
SO240359,4,L009,Pot Sputum 50ml Bertutup,43,127000,5461000
SO240359,5,B013,Handscoon Steril 7.5,58,330000,19140000
SO240360,1,D010,Strip Gula Darah,85,139500,11857500
SO240360,2,C012,IV Catheter 18G,93,212500,19762500
SO240360,3,C002,Sarung Tangan Nitril S,23,161500,3714500
SO240360,4,C015,Plester Luka 5x10cm,81,39500,3199500
SO240360,5,C014,IV Catheter 22G,42,246500,10353000
SO240361,1,R002,Kursi Roda Lipat Ringan,176,1577000,277552000
SO240361,2,B010,Benang Silk 3-0,63,257500,16222500
SO240361,3,L002,Tabung Vacutainer Plain,61,199500,12169500
SO240361,4,L004,Holder Vacutainer,70,106000,7420000
SO240361,5,B005,Klem Arteri Lurus,65,160000,10400000
SO240362,1,B007,Skalpel Handle No.3,20,90500,1810000
SO240362,2,L005,Jarum Vacutainer 21G,141,164000,23124000
SO240362,3,L009,Pot Sputum 50ml Bertutup,119,104500,12435500
SO240362,4,B003,Pinset Anatomis 14cm,129,68500,8836500
SO240362,5,D007,Rapid Test HbsAg,114,376500,42921000
SO240363,1,L010,Objek Glass Frosted,74,85000,6290000
SO240363,2,D006,Rapid Test Antigen,200,529000,105800000
SO240363,3,B013,Handscoon Steril 7.5,80,330000,26400000
SO240364,1,C019,NGT 16Fr,131,22000,2882000
SO240364,2,R012,Sarung Bantal Pasien,142,39000,5538000
SO240365,1,B001,Gunting Bedah Lurus 14cm,17,129000,2193000
SO240365,2,D012,Stethoscope Dewasa,45,331500,14917500
SO240365,3,L007,Cover Glass 18x18mm,42,65000,2730000
SO240365,4,D013,Stethoscope Anak,198,202500,40095000
SO240365,5,R003,Tongkat Ketiak Aluminium,137,322500,44182500
SO240366,1,R007,Tiang Infus Stainless 5-Roda,45,530500,23872500
SO240367,1,D003,Pulse Oximeter,186,338000,62868000
SO240368,1,C006,Infus Set Anak,93,11500,1069500
SO240368,2,D013,Stethoscope Anak,110,241000,26510000
SO240369,1,R001,Kursi Roda Standar,50,2466000,123300000
SO240369,2,C003,Sarung Tangan Nitril M,157,140500,22058500
SO240369,3,L010,Objek Glass Frosted,160,78500,12560000
SO240369,4,L008,Pot Urine 60ml Bertutup,138,117000,16146000
SO240370,1,B009,Benang Catgut 2-0,20,274000,5480000
SO240370,2,R009,Urinal Pria Plastik,83,35000,2905000
SO240370,3,L007,Cover Glass 18x18mm,98,64500,6321000
SO240370,4,C004,Sarung Tangan Nitril L,110,160000,17600000
SO240370,5,R005,Bantal Angin Anti Decubitus,54,289000,15606000
SO240371,1,L003,Tabung Vacutainer Citrate,80,236500,18920000
SO240371,2,C004,Sarung Tangan Nitril L,180,124500,22410000
SO240372,1,D004,Termometer Digital Axilla,111,47500,5272500
SO240372,2,R006,Kasur Angin Anti Decubitus,12,1113000,13356000
SO240373,1,L004,Holder Vacutainer,53,135000,7155000
SO240373,2,B006,Klem Arteri Bengkok,14,199500,2793000
SO240374,1,D003,Pulse Oximeter,192,189000,36288000
SO240374,2,B002,Gunting Bedah Bengkok 14cm,182,150000,27300000
SO240375,1,C019,NGT 16Fr,66,19500,1287000
SO240376,1,C002,Sarung Tangan Nitril S,101,141000,14241000
SO240377,1,C014,IV Catheter 22G,163,222500,36267500
SO240378,1,C020,Spalk Lengan Anak,89,24000,2136000
SO240379,1,C003,Sarung Tangan Nitril M,123,168500,20725500
SO240379,2,D007,Rapid Test HbsAg,94,315000,29610000
SO240379,3,B007,Skalpel Handle No.3,81,81000,6561000
SO240379,4,D008,Rapid Test HIV,174,499500,86913000
SO240379,5,L006,Slide Kaca 76x26mm,20,94000,1880000
SO240380,1,C019,NGT 16Fr,23,28500,655500
SO240380,2,C020,Spalk Lengan Anak,46,23500,1081000
SO240381,1,R013,Perlak Waterproof 90x180cm,111,279000,30969000
SO240381,2,B014,Duk Operasi 80x90cm,52,50500,2626000
SO240381,3,D006,Rapid Test Antigen,122,461000,56242000
SO240382,1,C005,Infus Set Dewasa,193,12000,2316000
SO240382,2,B008,Blade Skalpel No.10,60,110500,6630000
SO240383,1,B011,Handscoon Steril 6.5,188,295000,55460000
SO240383,2,C019,NGT 16Fr,176,24500,4312000
SO240383,3,B007,Skalpel Handle No.3,118,108000,12744000
SO240384,1,B009,Benang Catgut 2-0,126,288500,36351000
SO240384,2,B001,Gunting Bedah Lurus 14cm,75,112500,8437500
SO240384,3,R008,Bedpan Plastik Dewasa,164,44000,7216000
SO240384,4,D007,Rapid Test HbsAg,179,322500,57727500
SO240384,5,B003,Pinset Anatomis 14cm,13,47500,617500
SO240385,1,D010,Strip Gula Darah,46,155500,7153000
SO240385,2,B013,Handscoon Steril 7.5,63,384500,24223500
SO240385,3,B007,Skalpel Handle No.3,188,80000,15040000
SO240386,1,R008,Bedpan Plastik Dewasa,188,38500,7238000
SO240387,1,D001,Tensimeter Digital Lengan,80,367000,29360000
SO240388,1,D014,Timbangan Bayi Digital,106,380000,40280000
SO240388,2,D009,Glukometer Set,101,336500,33986500
SO240388,3,D004,Termometer Digital Axilla,35,45000,1575000
SO240388,4,B015,Bisturi Elektrik Disposable,126,211500,26649000
SO240389,1,B012,Handscoon Steril 7.0,141,388500,54778500
SO240389,2,C005,Infus Set Dewasa,179,9500,1700500
SO240389,3,B013,Handscoon Steril 7.5,10,447500,4475000
SO240389,4,C008,Syringe 3ml,92,45500,4186000
SO240390,1,R002,Kursi Roda Lipat Ringan,178,2967000,528126000
SO240390,2,L004,Holder Vacutainer,35,128000,4480000
SO240390,3,D002,Tensimeter Manual Dewasa,108,188500,20358000
SO240390,4,D013,Stethoscope Anak,165,251000,41415000
SO240391,1,L006,Slide Kaca 76x26mm,178,106000,18868000
SO240391,2,B012,Handscoon Steril 7.0,32,307500,9840000
SO240392,1,R012,Sarung Bantal Pasien,26,31000,806000
SO240392,2,D005,Termometer Infrared,106,239500,25387000
SO240392,3,B001,Gunting Bedah Lurus 14cm,193,130000,25090000
SO240392,4,D009,Glukometer Set,177,418500,74074500
SO240392,5,B015,Bisturi Elektrik Disposable,153,177500,27157500
SO240393,1,C019,NGT 16Fr,147,21000,3087000
SO240393,2,R006,Kasur Angin Anti Decubitus,109,1294500,141100500
SO240393,3,B010,Benang Silk 3-0,91,295500,26890500
SO240393,4,L007,Cover Glass 18x18mm,183,53500,9790500
SO240393,5,D002,Tensimeter Manual Dewasa,143,237000,33891000
SO240394,1,B001,Gunting Bedah Lurus 14cm,132,108500,14322000
SO240394,2,C006,Infus Set Anak,136,10500,1428000
SO240394,3,B005,Klem Arteri Lurus,190,169500,32205000
SO240394,4,B004,Pinset Bedah 14cm,25,62000,1550000
SO240394,5,B006,Klem Arteri Bengkok,49,214000,10486000
SO240395,1,C015,Plester Luka 5x10cm,189,39000,7371000
SO240395,2,R011,Selimut Pasien Rumah Sakit,150,81000,12150000
SO240396,1,R011,Selimut Pasien Rumah Sakit,188,86500,16262000
SO240396,2,D010,Strip Gula Darah,84,139000,11676000
SO240396,3,R008,Bedpan Plastik Dewasa,63,32000,2016000
SO240396,4,C002,Sarung Tangan Nitril S,60,168000,10080000
SO240397,1,L001,Tabung Vacutainer EDTA,55,274000,15070000
SO240397,2,L003,Tabung Vacutainer Citrate,23,191000,4393000
SO240397,3,C007,Syringe 1ml,141,66500,9376500
SO240397,4,B010,Benang Silk 3-0,96,355500,34128000
SO240398,1,B014,Duk Operasi 80x90cm,41,51000,2091000
SO240399,1,D012,Stethoscope Dewasa,110,326000,35860000
SO240400,1,D014,Timbangan Bayi Digital,163,444500,72453500
SO240400,2,D007,Rapid Test HbsAg,11,425500,4680500
SO240401,1,C016,Kassa Steril 10x10cm,139,40000,5560000
SO240402,1,B003,Pinset Anatomis 14cm,46,59500,2737000
SO240402,2,C006,Infus Set Anak,65,9000,585000
SO240403,1,D011,Urine Stick 10 Parameter,192,297500,57120000
SO240403,2,D007,Rapid Test HbsAg,154,450000,69300000
SO240404,1,L007,Cover Glass 18x18mm,185,81000,14985000
SO240405,1,C007,Syringe 1ml,82,63000,5166000
SO240405,2,D010,Strip Gula Darah,79,199500,15760500
SO240405,3,L002,Tabung Vacutainer Plain,35,257500,9012500
SO240405,4,B006,Klem Arteri Bengkok,22,142500,3135000
SO240405,5,C013,IV Catheter 20G,91,231000,21021000
SO240406,1,D014,Timbangan Bayi Digital,138,500500,69069000
SO240406,2,L009,Pot Sputum 50ml Bertutup,80,103000,8240000
SO240406,3,L003,Tabung Vacutainer Citrate,143,220000,31460000
SO240406,4,D005,Termometer Infrared,88,203500,17908000
SO240407,1,C004,Sarung Tangan Nitril L,151,152500,23027500
SO240407,2,D013,Stethoscope Anak,12,311000,3732000
SO240407,3,B007,Skalpel Handle No.3,183,93500,17110500
SO240408,1,C001,Masker Bedah 3-Ply,67,40500,2713500
SO240408,2,D003,Pulse Oximeter,29,276000,8004000
SO240408,3,L008,Pot Urine 60ml Bertutup,44,103500,4554000
SO240408,4,R010,Baju Pasien Dewasa,100,38500,3850000
SO240408,5,R012,Sarung Bantal Pasien,118,36000,4248000
SO240409,1,C020,Spalk Lengan Anak,64,20000,1280000
SO240409,2,B002,Gunting Bedah Bengkok 14cm,198,131500,26037000
SO240409,3,D004,Termometer Digital Axilla,65,65000,4225000
SO240410,1,C005,Infus Set Dewasa,100,9000,900000
SO240410,2,C015,Plester Luka 5x10cm,11,30500,335500
SO240410,3,R013,Perlak Waterproof 90x180cm,194,229000,44426000
SO240411,1,R002,Kursi Roda Lipat Ringan,67,2487000,166629000
SO240411,2,C008,Syringe 3ml,111,57500,6382500
SO240411,3,D001,Tensimeter Digital Lengan,86,445500,38313000
SO240412,1,C019,NGT 16Fr,180,22500,4050000
SO240412,2,C009,Syringe 5ml,40,64000,2560000
SO240412,3,C016,Kassa Steril 10x10cm,135,48000,6480000
SO240412,4,R008,Bedpan Plastik Dewasa,136,47500,6460000
SO240413,1,B013,Handscoon Steril 7.5,138,283500,39123000
SO240413,2,L001,Tabung Vacutainer EDTA,185,181000,33485000
SO240413,3,R010,Baju Pasien Dewasa,23,57500,1322500
SO240414,1,C012,IV Catheter 18G,166,203500,33781000
SO240414,2,R001,Kursi Roda Standar,58,2440000,141520000
SO240414,3,D009,Glukometer Set,171,416500,71221500
SO240414,4,B015,Bisturi Elektrik Disposable,48,150000,7200000
SO240414,5,B005,Klem Arteri Lurus,40,137500,5500000
SO240415,1,C006,Infus Set Anak,66,11000,726000
SO240415,2,L010,Objek Glass Frosted,119,96500,11483500
SO240416,1,B007,Skalpel Handle No.3,103,82000,8446000
SO240416,2,B012,Handscoon Steril 7.0,87,309000,26883000
SO240416,3,D007,Rapid Test HbsAg,34,283500,9639000
SO240416,4,C012,IV Catheter 18G,184,252500,46460000
SO240417,1,D005,Termometer Infrared,149,201000,29949000
SO240418,1,B009,Benang Catgut 2-0,98,346000,33908000
SO240418,2,B002,Gunting Bedah Bengkok 14cm,124,95500,11842000
SO240418,3,L008,Pot Urine 60ml Bertutup,121,74500,9014500
SO240418,4,D011,Urine Stick 10 Parameter,133,310000,41230000
SO240418,5,C020,Spalk Lengan Anak,144,28500,4104000
SO240419,1,C010,Syringe 10ml,29,60500,1754500
SO240419,2,D002,Tensimeter Manual Dewasa,122,248500,30317000
SO240419,3,B001,Gunting Bedah Lurus 14cm,140,130500,18270000
SO240419,4,B008,Blade Skalpel No.10,153,141000,21573000
SO240419,5,C007,Syringe 1ml,112,65000,7280000
SO240420,1,R008,Bedpan Plastik Dewasa,76,35000,2660000
SO240420,2,B011,Handscoon Steril 6.5,66,357500,23595000
SO240420,3,D011,Urine Stick 10 Parameter,191,270500,51665500
SO240420,4,D003,Pulse Oximeter,151,211000,31861000
SO240420,5,R013,Perlak Waterproof 90x180cm,53,238500,12640500
SO240421,1,C001,Masker Bedah 3-Ply,146,39000,5694000
SO240421,2,L004,Holder Vacutainer,10,122500,1225000
SO240422,1,R003,Tongkat Ketiak Aluminium,55,217000,11935000
SO240422,2,L010,Objek Glass Frosted,14,100000,1400000
SO240422,3,C011,Syringe 20ml,178,88500,15753000
SO240423,1,R008,Bedpan Plastik Dewasa,57,31000,1767000
SO240423,2,R006,Kasur Angin Anti Decubitus,58,1447500,83955000
SO240423,3,B013,Handscoon Steril 7.5,135,327500,44212500
SO240423,4,B011,Handscoon Steril 6.5,175,354000,61950000
SO240424,1,C006,Infus Set Anak,58,8500,493000
SO240424,2,B005,Klem Arteri Lurus,46,129500,5957000
SO240424,3,C004,Sarung Tangan Nitril L,119,136000,16184000
SO240424,4,C009,Syringe 5ml,126,80000,10080000
SO240424,5,B007,Skalpel Handle No.3,175,86500,15137500
SO240425,1,R010,Baju Pasien Dewasa,43,51500,2214500
SO240426,1,R008,Bedpan Plastik Dewasa,191,28000,5348000
SO240426,2,C017,Urine Bag 2000ml,61,13000,793000
SO240426,3,C007,Syringe 1ml,132,70000,9240000
SO240427,1,C016,Kassa Steril 10x10cm,36,48000,1728000
SO240428,1,C012,IV Catheter 18G,102,191000,19482000
SO240429,1,R012,Sarung Bantal Pasien,79,36500,2883500
SO240430,1,R005,Bantal Angin Anti Decubitus,187,288500,53949500
SO240430,2,R009,Urinal Pria Plastik,164,31000,5084000
SO240430,3,C014,IV Catheter 22G,45,212000,9540000
SO240430,4,R003,Tongkat Ketiak Aluminium,108,259500,28026000
SO240431,1,C014,IV Catheter 22G,189,191500,36193500
SO240431,2,C017,Urine Bag 2000ml,70,15000,1050000
SO240432,1,R006,Kasur Angin Anti Decubitus,38,912500,34675000
SO240432,2,B006,Klem Arteri Bengkok,99,167500,16582500
SO240433,1,C014,IV Catheter 22G,40,199000,7960000
SO240433,2,B002,Gunting Bedah Bengkok 14cm,106,83500,8851000
SO240434,1,R012,Sarung Bantal Pasien,175,20500,3587500
SO240434,2,B006,Klem Arteri Bengkok,83,134500,11163500
SO240434,3,B008,Blade Skalpel No.10,49,98000,4802000
SO240434,4,D011,Urine Stick 10 Parameter,174,208500,36279000
SO240435,1,C020,Spalk Lengan Anak,118,22500,2655000
SO240435,2,C005,Infus Set Dewasa,79,9000,711000
SO240436,1,C007,Syringe 1ml,102,65000,6630000
SO240437,1,D009,Glukometer Set,94,357000,33558000
SO240438,1,C016,Kassa Steril 10x10cm,184,45000,8280000
SO240438,2,C019,NGT 16Fr,30,28500,855000
SO240439,1,L010,Objek Glass Frosted,29,75000,2175000
SO240439,2,R008,Bedpan Plastik Dewasa,155,45500,7052500
SO240439,3,C015,Plester Luka 5x10cm,137,26500,3630500
SO240439,4,C017,Urine Bag 2000ml,13,13000,169000
SO240439,5,L006,Slide Kaca 76x26mm,89,96000,8544000
SO240440,1,L002,Tabung Vacutainer Plain,76,202000,15352000
SO240440,2,C017,Urine Bag 2000ml,75,18500,1387500
SO240440,3,C005,Infus Set Dewasa,123,13500,1660500
SO240440,4,D014,Timbangan Bayi Digital,45,415000,18675000
SO240441,1,B001,Gunting Bedah Lurus 14cm,49,94000,4606000
SO240442,1,B005,Klem Arteri Lurus,37,131000,4847000
SO240442,2,B011,Handscoon Steril 6.5,56,308500,17276000
SO240442,3,R008,Bedpan Plastik Dewasa,111,39000,4329000
SO240442,4,L004,Holder Vacutainer,61,106500,6496500
SO240443,1,R006,Kasur Angin Anti Decubitus,47,1521500,71510500
SO240443,2,L005,Jarum Vacutainer 21G,64,162000,10368000
SO240443,3,B004,Pinset Bedah 14cm,155,42000,6510000
SO240443,4,D011,Urine Stick 10 Parameter,163,299500,48818500
SO240444,1,R005,Bantal Angin Anti Decubitus,46,198000,9108000
SO240445,1,B001,Gunting Bedah Lurus 14cm,97,119000,11543000
SO240445,2,R001,Kursi Roda Standar,52,1616500,84058000
SO240445,3,D002,Tensimeter Manual Dewasa,99,273500,27076500
SO240445,4,D010,Strip Gula Darah,117,183000,21411000
SO240446,1,D013,Stethoscope Anak,92,374000,34408000
SO240446,2,R011,Selimut Pasien Rumah Sakit,197,103500,20389500
SO240447,1,C002,Sarung Tangan Nitril S,42,161500,6783000
SO240447,2,D008,Rapid Test HIV,125,467500,58437500
SO240447,3,R008,Bedpan Plastik Dewasa,158,28000,4424000
SO240447,4,L008,Pot Urine 60ml Bertutup,19,84500,1605500
SO240448,1,L003,Tabung Vacutainer Citrate,103,164000,16892000
SO240448,2,D011,Urine Stick 10 Parameter,87,280500,24403500
SO240448,3,L007,Cover Glass 18x18mm,138,53000,7314000
SO240449,1,B005,Klem Arteri Lurus,55,192500,10587500
SO240449,2,R004,Walker Lipat Dewasa,162,435500,70551000
SO240449,3,R012,Sarung Bantal Pasien,148,34500,5106000
SO240450,1,R007,Tiang Infus Stainless 5-Roda,167,665500,111138500
SO240451,1,L001,Tabung Vacutainer EDTA,82,185000,15170000
SO240451,2,R003,Tongkat Ketiak Aluminium,178,219500,39071000
SO240451,3,D006,Rapid Test Antigen,88,458500,40348000
SO240451,4,C004,Sarung Tangan Nitril L,182,136000,24752000
SO240451,5,R009,Urinal Pria Plastik,11,33500,368500
SO240452,1,B003,Pinset Anatomis 14cm,152,65500,9956000
SO240452,2,D010,Strip Gula Darah,59,171500,10118500
SO240453,1,L004,Holder Vacutainer,139,88000,12232000
SO240453,2,C003,Sarung Tangan Nitril M,171,158000,27018000
SO240454,1,B013,Handscoon Steril 7.5,72,379000,27288000
SO240454,2,B003,Pinset Anatomis 14cm,76,43500,3306000
SO240454,3,R008,Bedpan Plastik Dewasa,80,27500,2200000
SO240454,4,R004,Walker Lipat Dewasa,46,679000,31234000
SO240454,5,C014,IV Catheter 22G,15,256000,3840000
SO240455,1,D012,Stethoscope Dewasa,106,262000,27772000
SO240455,2,C005,Infus Set Dewasa,172,11500,1978000
SO240455,3,B003,Pinset Anatomis 14cm,51,52000,2652000
SO240455,4,C007,Syringe 1ml,86,45500,3913000
SO240456,1,L007,Cover Glass 18x18mm,61,51000,3111000
SO240456,2,R007,Tiang Infus Stainless 5-Roda,99,821000,81279000
SO240456,3,D006,Rapid Test Antigen,151,521000,78671000
SO240456,4,C007,Syringe 1ml,85,60500,5142500
SO240457,1,D004,Termometer Digital Axilla,169,52000,8788000
SO240457,2,R005,Bantal Angin Anti Decubitus,165,280500,46282500
SO240457,3,L009,Pot Sputum 50ml Bertutup,119,88000,10472000
SO240458,1,C005,Infus Set Dewasa,100,11500,1150000
SO240458,2,R003,Tongkat Ketiak Aluminium,17,180000,3060000
SO240458,3,D015,Penlight Diagnostik,56,46000,2576000
SO240458,4,D007,Rapid Test HbsAg,119,328500,39091500
SO240458,5,L005,Jarum Vacutainer 21G,101,152000,15352000
SO240459,1,B001,Gunting Bedah Lurus 14cm,69,88500,6106500
SO240459,2,C012,IV Catheter 18G,108,217000,23436000
SO240459,3,C020,Spalk Lengan Anak,164,23500,3854000
SO240460,1,B014,Duk Operasi 80x90cm,60,41500,2490000
SO240460,2,C012,IV Catheter 18G,22,244500,5379000
SO240460,3,R012,Sarung Bantal Pasien,137,21500,2945500
SO240461,1,L002,Tabung Vacutainer Plain,27,201500,5440500
SO240462,1,D011,Urine Stick 10 Parameter,45,227500,10237500
SO240463,1,D010,Strip Gula Darah,173,178500,30880500
SO240463,2,B005,Klem Arteri Lurus,181,136000,24616000
SO240463,3,R002,Kursi Roda Lipat Ringan,143,2606500,372729500
SO240463,4,B008,Blade Skalpel No.10,71,152500,10827500
SO240464,1,D001,Tensimeter Digital Lengan,187,370500,69283500
SO240464,2,R013,Perlak Waterproof 90x180cm,29,309500,8975500
SO240465,1,B001,Gunting Bedah Lurus 14cm,191,139500,26644500
SO240465,2,D014,Timbangan Bayi Digital,177,430500,76198500
SO240465,3,C007,Syringe 1ml,139,48500,6741500
SO240466,1,C009,Syringe 5ml,157,71000,11147000
SO240466,2,L007,Cover Glass 18x18mm,36,54500,1962000
SO240466,3,L001,Tabung Vacutainer EDTA,128,265000,33920000
SO240467,1,B011,Handscoon Steril 6.5,100,393000,39300000
SO240468,1,R010,Baju Pasien Dewasa,59,54500,3215500
SO240468,2,R002,Kursi Roda Lipat Ringan,58,2344500,135981000
SO240468,3,D015,Penlight Diagnostik,55,43000,2365000
SO240468,4,L007,Cover Glass 18x18mm,145,85000,12325000
SO240469,1,B001,Gunting Bedah Lurus 14cm,110,131500,14465000
SO240469,2,D011,Urine Stick 10 Parameter,35,257500,9012500
SO240469,3,B002,Gunting Bedah Bengkok 14cm,197,115000,22655000
SO240469,4,D013,Stethoscope Anak,136,254000,34544000
SO240470,1,D010,Strip Gula Darah,186,151500,28179000
SO240470,2,L004,Holder Vacutainer,53,100500,5326500
SO240470,3,D008,Rapid Test HIV,184,318000,58512000
SO240471,1,D007,Rapid Test HbsAg,162,372500,60345000
SO240472,1,R005,Bantal Angin Anti Decubitus,179,336000,60144000
SO240472,2,L007,Cover Glass 18x18mm,133,52500,6982500
SO240472,3,D003,Pulse Oximeter,79,316000,24964000
SO240472,4,D001,Tensimeter Digital Lengan,196,517500,101430000
SO240472,5,L005,Jarum Vacutainer 21G,15,139500,2092500
SO240473,1,C001,Masker Bedah 3-Ply,106,38500,4081000
SO240473,2,B007,Skalpel Handle No.3,80,117500,9400000
SO240474,1,C016,Kassa Steril 10x10cm,89,36000,3204000
SO240474,2,D003,Pulse Oximeter,20,332000,6640000
SO240474,3,B005,Klem Arteri Lurus,143,212000,30316000
SO240475,1,D003,Pulse Oximeter,129,219500,28315500
SO240475,2,B005,Klem Arteri Lurus,143,158000,22594000
SO240476,1,C008,Syringe 3ml,88,45000,3960000
SO240476,2,L009,Pot Sputum 50ml Bertutup,120,98000,11760000
SO240476,3,D010,Strip Gula Darah,179,120000,21480000
SO240476,4,R004,Walker Lipat Dewasa,22,482000,10604000
SO240477,1,C015,Plester Luka 5x10cm,76,30000,2280000
SO240478,1,R013,Perlak Waterproof 90x180cm,31,258000,7998000
SO240478,2,C011,Syringe 20ml,155,80500,12477500
SO240478,3,D001,Tensimeter Digital Lengan,128,493000,63104000
SO240479,1,B012,Handscoon Steril 7.0,141,378000,53298000
SO240479,2,B002,Gunting Bedah Bengkok 14cm,42,118500,4977000
SO240479,3,D005,Termometer Infrared,23,219000,5037000
SO240479,4,L001,Tabung Vacutainer EDTA,110,166500,18315000
SO240479,5,B009,Benang Catgut 2-0,113,251500,28419500
SO240480,1,D013,Stethoscope Anak,182,334000,60788000
SO240480,2,L007,Cover Glass 18x18mm,199,48500,9651500
SO240480,3,C003,Sarung Tangan Nitril M,189,133500,25231500
SO240480,4,L001,Tabung Vacutainer EDTA,142,169000,23998000
SO240480,5,D003,Pulse Oximeter,153,310000,47430000
SO240481,1,D012,Stethoscope Dewasa,149,248000,36952000
SO240481,2,C004,Sarung Tangan Nitril L,166,164500,27307000
SO240482,1,D014,Timbangan Bayi Digital,61,599500,36569500
SO240482,2,L003,Tabung Vacutainer Citrate,132,236000,31152000
SO240482,3,D012,Stethoscope Dewasa,84,355000,29820000
SO240482,4,C004,Sarung Tangan Nitril L,35,158500,5547500
SO240482,5,L002,Tabung Vacutainer Plain,136,188000,25568000
SO240483,1,D002,Tensimeter Manual Dewasa,18,234500,4221000
SO240483,2,R004,Walker Lipat Dewasa,176,694500,122232000
SO240483,3,C016,Kassa Steril 10x10cm,168,44500,7476000
SO240484,1,D011,Urine Stick 10 Parameter,175,327000,57225000
SO240485,1,D012,Stethoscope Dewasa,99,333000,32967000
SO240485,2,L008,Pot Urine 60ml Bertutup,168,124500,20916000
SO240485,3,D001,Tensimeter Digital Lengan,113,367500,41527500
SO240485,4,D015,Penlight Diagnostik,21,27000,567000
SO240485,5,C008,Syringe 3ml,197,50000,9850000
SO240486,1,C004,Sarung Tangan Nitril L,117,124000,14508000
SO240486,2,B001,Gunting Bedah Lurus 14cm,25,113000,2825000
SO240486,3,D002,Tensimeter Manual Dewasa,39,155000,6045000
SO240486,4,C020,Spalk Lengan Anak,28,27000,756000
SO240487,1,D004,Termometer Digital Axilla,74,77000,5698000
SO240487,2,R008,Bedpan Plastik Dewasa,122,47000,5734000
SO240488,1,B011,Handscoon Steril 6.5,11,374500,4119500
SO240488,2,C001,Masker Bedah 3-Ply,114,53500,6099000
SO240489,1,R013,Perlak Waterproof 90x180cm,86,206500,17759000
SO240489,2,R005,Bantal Angin Anti Decubitus,40,310500,12420000
SO240489,3,R011,Selimut Pasien Rumah Sakit,69,58500,4036500
SO240489,4,C020,Spalk Lengan Anak,163,29000,4727000
SO240489,5,C013,IV Catheter 20G,94,183000,17202000
SO240490,1,R002,Kursi Roda Lipat Ringan,76,1920500,145958000
SO240490,2,B009,Benang Catgut 2-0,95,265500,25222500
SO240490,3,L004,Holder Vacutainer,45,93500,4207500
SO240490,4,C001,Masker Bedah 3-Ply,150,46000,6900000
SO240491,1,D007,Rapid Test HbsAg,176,372000,65472000
SO240491,2,R010,Baju Pasien Dewasa,120,66500,7980000
SO240492,1,C009,Syringe 5ml,39,64500,2515500
SO240492,2,L010,Objek Glass Frosted,40,105500,4220000
SO240493,1,C014,IV Catheter 22G,155,186000,28830000
SO240493,2,B010,Benang Silk 3-0,13,265500,3451500
SO240493,3,B015,Bisturi Elektrik Disposable,24,130000,3120000
SO240493,4,L010,Objek Glass Frosted,24,73500,1764000
SO240493,5,D006,Rapid Test Antigen,122,397500,48495000
SO240494,1,C001,Masker Bedah 3-Ply,62,51000,3162000
SO240494,2,B005,Klem Arteri Lurus,190,216500,41135000
SO240494,3,B002,Gunting Bedah Bengkok 14cm,101,109000,11009000
SO240494,4,C010,Syringe 10ml,123,78500,9655500
SO240494,5,C005,Infus Set Dewasa,87,11000,957000
SO240495,1,C005,Infus Set Dewasa,19,10000,190000
SO240495,2,R008,Bedpan Plastik Dewasa,188,39500,7426000
SO240496,1,D003,Pulse Oximeter,179,260000,46540000
SO240497,1,C002,Sarung Tangan Nitril S,121,176500,21356500
SO240497,2,L001,Tabung Vacutainer EDTA,119,252500,30047500
SO240497,3,R012,Sarung Bantal Pasien,196,22000,4312000
SO240497,4,D014,Timbangan Bayi Digital,37,640000,23680000
SO240497,5,D005,Termometer Infrared,109,245000,26705000
SO240498,1,C002,Sarung Tangan Nitril S,43,179500,7718500
SO240498,2,D015,Penlight Diagnostik,13,43500,565500
SO240499,1,D015,Penlight Diagnostik,177,26000,4602000
SO240499,2,D013,Stethoscope Anak,41,280500,11500500
SO240499,3,C010,Syringe 10ml,155,76500,11857500
SO240500,1,C007,Syringe 1ml,177,46500,8230500
SO240500,2,D009,Glukometer Set,69,280000,19320000
SO240500,3,D015,Penlight Diagnostik,177,27500,4867500
SO240500,4,R004,Walker Lipat Dewasa,57,615500,35083500
SO240500,5,C020,Spalk Lengan Anak,122,29500,3599000
